product_id,product_name,category,price,stock,rating,launch_date,description,is_active
1,Product 1,Electronics,17.38,35,2.0,2024-08-20 15:42:42.188358,This is a great product.,True
2,Product 2,Toys,48.03,54,1.1,2024-09-13 15:42:42.188394,This is a great product.,True
3,Product 3,Clothing,255.15,3,3.2,2023-12-03 15:42:42.188411,This is a great product.,False
4,Product 4,Clothing,227.36,35,4.2,2024-10-27 15:42:42.188427,This is a great product.,True
5,Product 5,Books,173.42,19,1.9,2024-05-11 15:42:42.188441,This is a great product.,True
6,Product 6,Electronics,193.06,45,4.4,2023-12-26 15:42:42.188455,This is a great product.,False
7,Product 7,Electronics,366.22,68,1.5,2024-04-20 15:42:42.188469,This is a great product.,True
8,Product 8,Toys,150.12,80,3.5,2024-04-28 15:42:42.188482,This is a great product.,True
9,Product 9,Electronics,27.68,29,4.1,2024-09-20 15:42:42.188495,This is a great product.,True
10,Product 10,Electronics,193.16,58,3.5,2024-04-27 15:42:42.188508,This is a great product.,True
11,Product 11,Home,180.86,85,2.1,2023-11-16 15:42:42.188521,This is a great product.,True
12,Product 12,Toys,319.31,68,3.9,2024-08-08 15:42:42.188534,This is a great product.,False
13,Product 13,Books,138.62,81,3.8,2024-07-10 15:42:42.188547,This is a great product.,False
14,Product 14,Electronics,118.38,4,4.2,2024-04-08 15:42:42.188560,This is a great product.,False
15,Product 15,Electronics,109.44,72,4.5,2024-05-22 15:42:42.188573,This is a great product.,True
16,Product 16,Books,200.84,82,2.8,2024-06-17 15:42:42.188586,This is a great product.,True
17,Product 17,Clothing,373.77,68,2.1,2024-01-05 15:42:42.188598,This is a great product.,False
18,Product 18,Toys,202.7,28,5.0,2024-08-21 15:42:42.188612,This is a great product.,False
19,Product 19,Electronics,379.11,14,1.6,2024-08-10 15:42:42.188625,This is a great product.,False
20,Product 20,Toys,36.45,48,3.4,2024-03-05 15:42:42.188638,This is a great product.,False
21,Product 21,Toys,431.09,1,3.7,2024-09-02 15:42:42.188650,This is a great product.,False
22,Product 22,Home,60.22,55,1.6,2024-10-29 15:42:42.188664,This is a great product.,False
23,Product 23,Toys,382.17,64,4.7,2023-12-15 15:42:42.188682,This is a great product.,False
24,Product 24,Toys,306.44,19,2.5,2024-08-09 15:42:42.188697,This is a great product.,True
25,Product 25,Toys,165.46,2,1.4,2024-04-28 15:42:42.188711,This is a great product.,False
26,Product 26,Clothing,33.67,72,4.8,2024-09-17 15:42:42.188724,This is a great product.,False
27,Product 27,Electronics,489.1,68,4.1,2024-08-26 15:42:42.188738,This is a great product.,False
28,Product 28,Toys,86.74,67,4.5,2024-03-28 15:42:42.188750,This is a great product.,True
29,Product 29,Toys,378.86,88,1.8,2024-05-24 15:42:42.188759,This is a great product.,False
30,Product 30,Home,221.86,66,2.8,2024-06-26 15:42:42.188768,This is a great product.,True
31,Product 31,Electronics,172.35,75,3.2,2024-01-03 15:42:42.188778,This is a great product.,True
32,Product 32,Electronics,40.14,80,1.2,2024-09-26 15:42:42.188787,This is a great product.,True
33,Product 33,Home,40.07,30,2.1,2024-02-25 15:42:42.188796,This is a great product.,True
34,Product 34,Toys,70.49,73,3.3,2024-06-28 15:42:42.188806,This is a great product.,False
35,Product 35,Books,99.25,12,3.6,2024-05-02 15:42:42.188815,This is a great product.,False
36,Product 36,Books,236.18,93,1.2,2023-12-01 15:42:42.188825,This is a great product.,True
37,Product 37,Electronics,204.3,43,4.2,2024-09-05 15:42:42.188835,This is a great product.,True
38,Product 38,Clothing,99.15,57,1.6,2024-07-29 15:42:42.188844,This is a great product.,False
39,Product 39,Books,128.65,9,2.8,2024-01-23 15:42:42.188853,This is a great product.,True
40,Product 40,Electronics,327.81,69,4.3,2024-09-13 15:42:42.188863,This is a great product.,True
41,Product 41,Clothing,206.17,61,1.9,2024-04-08 15:42:42.188873,This is a great product.,True
42,Product 42,Clothing,192.59,49,2.1,2024-03-12 15:42:42.188882,This is a great product.,False
43,Product 43,Books,349.81,93,5.0,2024-01-20 15:42:42.188892,This is a great product.,False
44,Product 44,Clothing,99.0,27,4.9,2024-01-08 15:42:42.188901,This is a great product.,True
45,Product 45,Home,33.3,74,2.9,2024-02-02 15:42:42.188910,This is a great product.,True
46,Product 46,Electronics,480.59,10,4.4,2024-09-25 15:42:42.188920,This is a great product.,True
47,Product 47,Clothing,204.87,72,2.0,2023-12-31 15:42:42.188930,This is a great product.,True
48,Product 48,Toys,45.58,84,3.3,2024-02-06 15:42:42.188939,This is a great product.,False
49,Product 49,Home,106.11,91,2.3,2024-06-17 15:42:42.188948,This is a great product.,False
50,Product 50,Clothing,337.49,38,2.8,2024-09-23 15:42:42.188957,This is a great product.,True
51,Product 51,Books,312.47,72,5.0,2024-09-23 15:42:42.188966,This is a great product.,True
52,Product 52,Toys,136.27,44,4.5,2024-06-27 15:42:42.188975,This is a great product.,False
53,Product 53,Home,83.08,69,3.8,2023-12-22 15:42:42.188985,This is a great product.,True
54,Product 54,Toys,153.19,84,1.4,2024-08-23 15:42:42.188994,This is a great product.,False
55,Product 55,Electronics,445.41,95,3.2,2024-06-13 15:42:42.189003,This is a great product.,False
56,Product 56,Toys,109.26,43,1.8,2023-12-11 15:42:42.189012,This is a great product.,False
57,Product 57,Toys,246.82,6,1.4,2024-03-28 15:42:42.189021,This is a great product.,False
58,Product 58,Electronics,6.76,98,1.5,2024-06-18 15:42:42.189030,This is a great product.,True
59,Product 59,Books,278.08,54,3.2,2024-09-03 15:42:42.189039,This is a great product.,True
60,Product 60,Clothing,275.07,47,3.3,2024-08-16 15:42:42.189049,This is a great product.,False
61,Product 61,Clothing,25.71,46,4.6,2024-10-10 15:42:42.189058,This is a great product.,False
62,Product 62,Clothing,342.62,85,1.4,2024-01-18 15:42:42.189069,This is a great product.,False
63,Product 63,Toys,375.99,30,4.5,2024-08-01 15:42:42.189078,This is a great product.,False
64,Product 64,Electronics,93.78,42,4.1,2024-04-03 15:42:42.189087,This is a great product.,True
65,Product 65,Home,83.8,89,1.4,2024-10-11 15:42:42.189097,This is a great product.,False
66,Product 66,Clothing,103.79,58,2.4,2024-07-06 15:42:42.189107,This is a great product.,True
67,Product 67,Electronics,331.72,51,2.3,2024-09-25 15:42:42.189116,This is a great product.,False
68,Product 68,Home,322.53,51,3.7,2024-01-30 15:42:42.189125,This is a great product.,False
69,Product 69,Electronics,62.09,33,1.7,2024-06-17 15:42:42.189135,This is a great product.,True
70,Product 70,Electronics,300.3,44,3.9,2024-05-23 15:42:42.189144,This is a great product.,False
71,Product 71,Toys,492.2,14,2.5,2024-01-09 15:42:42.189153,This is a great product.,True
72,Product 72,Home,26.97,55,1.0,2024-01-29 15:42:42.189162,This is a great product.,True
73,Product 73,Home,218.49,85,4.7,2023-12-16 15:42:42.189171,This is a great product.,False
74,Product 74,Electronics,361.28,38,3.0,2023-11-24 15:42:42.189181,This is a great product.,False
75,Product 75,Home,204.19,37,3.2,2024-07-24 15:42:42.189189,This is a great product.,False
76,Product 76,Books,340.27,22,3.5,2024-05-29 15:42:42.189198,This is a great product.,False
77,Product 77,Toys,417.69,38,2.1,2024-03-24 15:42:42.189208,This is a great product.,False
78,Product 78,Books,223.68,86,1.9,2024-03-02 15:42:42.189217,This is a great product.,True
79,Product 79,Electronics,145.47,84,3.5,2024-05-12 15:42:42.189227,This is a great product.,True
80,Product 80,Clothing,338.03,28,4.2,2024-08-16 15:42:42.189236,This is a great product.,True
81,Product 81,Electronics,,60,3.4,2024-09-23 15:42:42.189245,This is a great product.,False
82,Product 82,Books,443.64,73,1.8,2023-11-09 15:42:42.189254,This is a great product.,False
83,Product 83,Books,202.83,18,3.6,2024-10-28 15:42:42.189263,This is a great product.,True
84,Product 84,Books,113.33,89,3.1,2024-10-05 15:42:42.189272,This is a great product.,True
85,Product 85,Electronics,230.95,59,3.7,2024-01-18 15:42:42.189281,This is a great product.,False
86,Product 86,Books,308.26,92,4.6,2024-03-26 15:42:42.189291,This is a great product.,False
87,Product 87,Clothing,373.11,60,2.8,2024-06-26 15:42:42.189300,This is a great product.,False
88,Product 88,Toys,244.88,30,2.1,2024-09-21 15:42:42.189309,This is a great product.,False
89,Product 89,Clothing,139.5,40,4.6,2024-09-19 15:42:42.189318,This is a great product.,True
90,Product 90,Clothing,119.47,88,1.6,2024-07-13 15:42:42.189327,This is a great product.,True
91,Product 91,Books,206.76,69,2.9,2024-09-29 15:42:42.189336,This is a great product.,True
92,Product 92,Books,197.79,98,3.3,2023-11-09 15:42:42.189344,This is a great product.,True
93,Product 93,Toys,193.29,0,4.8,2024-05-31 15:42:42.189354,This is a great product.,False
94,Product 94,Books,271.42,94,3.2,2023-12-27 15:42:42.189364,This is a great product.,True
95,Product 95,Books,113.61,55,2.9,2024-04-14 15:42:42.189373,This is a great product.,False
96,Product 96,Books,,59,4.7,2023-12-17 15:42:42.189382,This is a great product.,True
97,Product 97,Books,297.99,84,1.1,2023-12-06 15:42:42.189391,This is a great product.,False
98,Product 98,Clothing,434.09,23,1.2,2024-04-19 15:42:42.189400,This is a great product.,False
99,Product 99,Clothing,230.08,43,4.0,2024-04-19 15:42:42.189408,This is a great product.,False
100,Product 100,Books,,10,2.9,2024-01-28 15:42:42.189418,This is a great product.,True
101,Product 101,Home,115.99,8,4.1,2023-12-02 15:42:42.189427,This is a great product.,True
102,Product 102,Electronics,475.06,25,4.4,2023-12-17 15:42:42.189437,This is a great product.,True
103,Product 103,Clothing,67.48,85,1.5,2024-07-11 15:42:42.189446,This is a great product.,False
104,Product 104,Home,384.61,21,3.4,2024-09-02 15:42:42.189455,This is a great product.,True
105,Product 105,Home,58.51,3,4.7,2024-01-10 15:42:42.189464,This is a great product.,False
106,Product 106,Books,471.03,25,1.3,2023-11-12 15:42:42.189474,This is a great product.,True
107,Product 107,Electronics,350.11,38,4.4,2023-12-28 15:42:42.189483,This is a great product.,True
108,Product 108,Toys,392.4,44,3.1,2023-11-27 15:42:42.189492,This is a great product.,False
109,Product 109,Electronics,255.45,43,1.1,2024-03-29 15:42:42.189502,This is a great product.,False
110,Product 110,Electronics,219.59,46,3.5,2024-03-09 15:42:42.189512,This is a great product.,True
111,Product 111,Books,92.19,66,4.9,2024-06-14 15:42:42.189522,This is a great product.,False
112,Product 112,Books,220.61,93,3.4,2024-05-18 15:42:42.189531,This is a great product.,True
113,Product 113,Electronics,143.07,57,2.0,2024-03-07 15:42:42.189540,This is a great product.,False
114,Product 114,Home,19.21,41,1.7,2024-07-14 15:42:42.189550,This is a great product.,False
115,Product 115,Home,173.47,76,3.8,2024-06-11 15:42:42.189559,This is a great product.,True
116,Product 116,Toys,474.29,10,2.0,2024-04-05 15:42:42.189568,This is a great product.,False
117,Product 117,Toys,380.29,88,2.9,2023-11-01 15:42:42.189577,This is a great product.,False
118,Product 118,Books,397.5,11,2.2,2024-04-06 15:42:42.189586,This is a great product.,True
119,Product 119,Home,333.66,47,2.9,2024-02-02 15:42:42.189595,This is a great product.,False
120,Product 120,Books,498.33,70,2.3,2023-11-06 15:42:42.189605,This is a great product.,False
121,Product 121,Home,156.78,29,1.5,2024-07-24 15:42:42.189614,This is a great product.,False
122,Product 122,Electronics,372.73,97,3.8,2024-07-24 15:42:42.189625,This is a great product.,True
123,Product 123,Books,141.87,75,4.9,2024-02-05 15:42:42.189634,This is a great product.,False
124,Product 124,Electronics,417.15,37,1.9,2024-07-31 15:42:42.189644,This is a great product.,False
125,Product 125,Electronics,355.47,16,2.1,2024-10-03 15:42:42.189653,This is a great product.,False
126,Product 126,Clothing,320.75,96,3.0,2024-10-24 15:42:42.189662,This is a great product.,False
127,Product 127,Books,241.96,43,1.7,2024-10-04 15:42:42.189672,This is a great product.,False
128,Product 128,Books,61.47,8,2.6,2024-09-23 15:42:42.189681,This is a great product.,True
129,Product 129,Clothing,78.85,72,4.8,2024-09-17 15:42:42.189690,This is a great product.,True
130,Product 130,Electronics,281.25,53,3.4,2023-12-19 15:42:42.189700,This is a great product.,True
131,Product 131,Toys,193.29,56,2.2,2024-01-03 15:42:42.189710,This is a great product.,False
132,Product 132,Home,286.47,7,3.4,2024-09-10 15:42:42.189719,This is a great product.,True
133,Product 133,Clothing,136.0,10,1.6,2024-08-03 15:42:42.189729,This is a great product.,True
134,Product 134,Clothing,6.32,57,3.8,2024-03-04 15:42:42.189738,This is a great product.,False
135,Product 135,Electronics,,90,2.1,2024-03-12 15:42:42.189747,This is a great product.,True
136,Product 136,Clothing,462.34,100,4.2,2024-01-03 15:42:42.189756,This is a great product.,True
137,Product 137,Books,61.81,28,3.6,2024-06-16 15:42:42.189765,This is a great product.,True
138,Product 138,Electronics,34.52,39,3.4,2024-01-13 15:42:42.189774,This is a great product.,False
139,Product 139,Books,66.56,88,2.2,2024-04-07 15:42:42.189783,This is a great product.,False
140,Product 140,Toys,272.29,56,1.3,2024-10-10 15:42:42.189792,This is a great product.,False
141,Product 141,Home,303.84,3,1.4,2023-11-20 15:42:42.189801,This is a great product.,True
142,Product 142,Home,290.24,97,4.0,2024-03-04 15:42:42.189811,This is a great product.,False
143,Product 143,Home,94.84,74,2.7,2024-02-22 15:42:42.189820,This is a great product.,True
144,Product 144,Books,177.24,42,2.3,2024-09-07 15:42:42.189829,This is a great product.,True
145,Product 145,Home,208.76,63,2.2,2024-04-08 15:42:42.189838,This is a great product.,True
146,Product 146,Books,48.59,32,2.3,2024-04-07 15:42:42.189847,This is a great product.,True
147,Product 147,Toys,233.68,6,1.8,2024-04-28 15:42:42.189857,This is a great product.,False
148,Product 148,Books,,26,2.1,2024-08-24 15:42:42.189866,This is a great product.,False
149,Product 149,Books,441.02,62,1.5,2023-12-13 15:42:42.189875,This is a great product.,True
150,Product 150,Clothing,158.82,1,3.2,2024-09-13 15:42:42.189884,This is a great product.,True
151,Product 151,Electronics,233.42,15,3.6,2024-08-13 15:42:42.189893,This is a great product.,False
152,Product 152,Home,256.89,34,2.7,2024-02-26 15:42:42.189902,This is a great product.,False
153,Product 153,Clothing,231.11,18,2.5,2023-12-29 15:42:42.189911,This is a great product.,True
154,Product 154,Electronics,141.74,53,2.4,2024-02-14 15:42:42.189922,This is a great product.,False
155,Product 155,Electronics,145.01,38,4.3,2024-01-08 15:42:42.189931,This is a great product.,False
156,Product 156,Clothing,226.04,61,2.4,2024-01-22 15:42:42.189941,This is a great product.,False
157,Product 157,Books,466.76,24,4.9,2024-06-30 15:42:42.189950,This is a great product.,False
158,Product 158,Clothing,428.73,52,1.2,2024-03-02 15:42:42.189959,This is a great product.,False
159,Product 159,Books,494.26,83,4.9,2024-02-20 15:42:42.189968,This is a great product.,True
160,Product 160,Clothing,253.63,75,2.3,2024-09-09 15:42:42.189978,This is a great product.,False
161,Product 161,Electronics,265.35,58,1.1,2024-08-18 15:42:42.189987,This is a great product.,False
162,Product 162,Clothing,42.04,100,4.9,2024-05-10 15:42:42.189996,This is a great product.,False
163,Product 163,Electronics,426.62,86,4.4,2024-04-19 15:42:42.190005,This is a great product.,False
164,Product 164,Books,436.83,4,3.5,2024-07-02 15:42:42.190014,This is a great product.,False
165,Product 165,Clothing,374.65,55,4.9,2023-12-11 15:42:42.190023,This is a great product.,True
166,Product 166,Books,87.35,38,4.6,2024-10-07 15:42:42.190032,This is a great product.,False
167,Product 167,Electronics,150.22,47,2.7,2024-06-27 15:42:42.190041,This is a great product.,False
168,Product 168,Toys,342.49,23,1.7,2024-09-20 15:42:42.190050,This is a great product.,False
169,Product 169,Toys,343.15,63,4.7,2024-08-18 15:42:42.190059,This is a great product.,True
170,Product 170,Books,320.76,58,2.0,2024-10-26 15:42:42.190068,This is a great product.,False
171,Product 171,Home,340.42,20,1.3,2024-05-07 15:42:42.190077,This is a great product.,False
172,Product 172,Books,346.71,58,4.4,2024-07-21 15:42:42.190086,This is a great product.,False
173,Product 173,Books,57.79,48,3.3,2024-01-10 15:42:42.190095,This is a great product.,False
174,Product 174,Home,15.86,84,2.6,2024-10-26 15:42:42.190105,This is a great product.,True
175,Product 175,Toys,373.86,36,4.1,2024-07-05 15:42:42.190114,This is a great product.,False
176,Product 176,Clothing,320.13,79,2.0,2023-11-28 15:42:42.190123,This is a great product.,True
177,Product 177,Electronics,452.18,82,1.2,2024-03-19 15:42:42.190133,This is a great product.,True
178,Product 178,Toys,185.61,16,1.4,2024-06-01 15:42:42.190142,This is a great product.,False
179,Product 179,Books,91.94,16,4.1,2024-04-26 15:42:42.190152,This is a great product.,False
180,Product 180,Clothing,132.2,61,4.9,2024-06-01 15:42:42.190162,This is a great product.,False
181,Product 181,Electronics,236.82,9,1.6,2024-07-07 15:42:42.190172,This is a great product.,False
182,Product 182,Toys,186.06,50,1.1,2024-01-30 15:42:42.190182,This is a great product.,True
183,Product 183,Books,187.45,95,3.7,2024-01-05 15:42:42.190191,This is a great product.,False
184,Product 184,Home,58.63,29,2.9,2023-12-18 15:42:42.190200,This is a great product.,False
185,Product 185,Toys,114.58,8,3.5,2024-03-07 15:42:42.190209,This is a great product.,False
186,Product 186,Books,62.75,5,4.8,2024-05-28 15:42:42.190218,This is a great product.,False
187,Product 187,Electronics,53.11,68,1.5,2024-03-12 15:42:42.190228,This is a great product.,False
188,Product 188,Toys,,95,3.9,2024-04-01 15:42:42.190237,This is a great product.,True
189,Product 189,Books,309.75,35,1.1,2024-04-24 15:42:42.190246,This is a great product.,True
190,Product 190,Books,225.12,30,4.4,2024-09-10 15:42:42.190255,This is a great product.,False
191,Product 191,Toys,451.34,82,2.4,2024-04-10 15:42:42.190264,This is a great product.,False
192,Product 192,Clothing,484.26,58,1.4,2024-07-14 15:42:42.190274,This is a great product.,True
193,Product 193,Electronics,394.46,31,5.0,2024-01-15 15:42:42.190283,This is a great product.,True
194,Product 194,Electronics,415.76,70,1.8,2024-07-12 15:42:42.190292,This is a great product.,True
195,Product 195,Home,388.31,100,4.6,2024-10-29 15:42:42.190301,This is a great product.,False
196,Product 196,Clothing,493.83,69,2.0,2024-08-02 15:42:42.190310,This is a great product.,True
197,Product 197,Electronics,70.24,45,4.2,2024-07-01 15:42:42.190320,This is a great product.,False
198,Product 198,Electronics,91.25,6,1.5,2024-03-29 15:42:42.190329,This is a great product.,True
199,Product 199,Electronics,240.74,99,2.4,2024-01-01 15:42:42.190338,This is a great product.,True
200,Product 200,Books,254.4,78,1.2,2023-11-28 15:42:42.190347,This is a great product.,False
201,Product 201,Books,323.45,3,1.2,2024-02-28 15:42:42.190357,This is a great product.,False
202,Product 202,Books,344.62,62,3.8,2024-03-17 15:42:42.190366,This is a great product.,True
203,Product 203,Electronics,,18,1.3,2024-06-12 15:42:42.190375,This is a great product.,False
204,Product 204,Books,497.34,67,2.2,2024-02-15 15:42:42.190395,This is a great product.,False
205,Product 205,Electronics,397.58,14,4.4,2023-12-02 15:42:42.190405,This is a great product.,True
206,Product 206,Books,228.52,29,2.7,2024-03-12 15:42:42.190414,This is a great product.,False
207,Product 207,Books,366.16,40,2.7,2023-11-25 15:42:42.190423,This is a great product.,False
208,Product 208,Home,477.03,87,4.7,2024-09-26 15:42:42.190432,This is a great product.,True
209,Product 209,Electronics,51.15,12,4.0,2024-04-23 15:42:42.190441,This is a great product.,True
210,Product 210,Toys,34.69,71,3.2,2023-11-22 15:42:42.190451,This is a great product.,True
211,Product 211,Books,180.03,85,4.8,2024-03-28 15:42:42.190460,This is a great product.,True
212,Product 212,Home,302.2,45,1.4,2024-02-14 15:42:42.190470,This is a great product.,True
213,Product 213,Clothing,330.08,28,4.4,2024-05-04 15:42:42.190479,This is a great product.,False
214,Product 214,Electronics,382.49,73,1.9,2024-03-25 15:42:42.190489,This is a great product.,True
215,Product 215,Toys,464.9,88,2.1,2024-07-30 15:42:42.190499,This is a great product.,False
216,Product 216,Home,461.16,44,1.0,2024-08-18 15:42:42.190508,This is a great product.,False
217,Product 217,Electronics,75.23,81,4.9,2024-09-14 15:42:42.190517,This is a great product.,True
218,Product 218,Books,212.82,43,1.6,2024-05-24 15:42:42.190527,This is a great product.,False
219,Product 219,Toys,300.13,6,1.6,2023-12-19 15:42:42.190536,This is a great product.,True
220,Product 220,Electronics,139.69,84,2.7,2023-12-25 15:42:42.190546,This is a great product.,False
221,Product 221,Books,140.22,96,3.0,2024-05-07 15:42:42.190556,This is a great product.,False
222,Product 222,Electronics,145.21,86,3.4,2024-02-04 15:42:42.190565,This is a great product.,False
223,Product 223,Electronics,114.16,76,1.2,2024-07-18 15:42:42.190574,This is a great product.,False
224,Product 224,Clothing,384.84,97,2.0,2024-05-16 15:42:42.190583,This is a great product.,True
225,Product 225,Electronics,251.21,55,1.7,2024-04-19 15:42:42.190593,This is a great product.,True
226,Product 226,Toys,281.57,85,4.2,2024-09-24 15:42:42.190603,This is a great product.,False
227,Product 227,Electronics,220.93,58,4.7,2024-05-23 15:42:42.190612,This is a great product.,False
228,Product 228,Toys,205.19,81,2.7,2024-09-02 15:42:42.190622,This is a great product.,False
229,Product 229,Electronics,483.27,21,4.2,2023-12-19 15:42:42.190639,This is a great product.,False
230,Product 230,Home,,13,2.0,2024-01-03 15:42:42.190650,This is a great product.,False
231,Product 231,Toys,43.93,39,4.0,2024-07-09 15:42:42.190659,This is a great product.,False
232,Product 232,Clothing,42.81,81,1.5,2024-02-12 15:42:42.190668,This is a great product.,True
233,Product 233,Home,178.79,82,4.3,2024-07-02 15:42:42.190678,This is a great product.,True
234,Product 234,Clothing,131.7,22,3.4,2023-11-30 15:42:42.190687,This is a great product.,True
235,Product 235,Clothing,475.89,80,3.0,2024-01-16 15:42:42.190697,This is a great product.,False
236,Product 236,Toys,323.28,79,2.3,2023-12-14 15:42:42.190706,This is a great product.,False
237,Product 237,Clothing,222.68,60,2.8,2024-05-28 15:42:42.190716,This is a great product.,False
238,Product 238,Toys,,64,1.3,2024-03-08 15:42:42.190725,This is a great product.,False
239,Product 239,Electronics,33.16,36,1.3,2024-09-14 15:42:42.190734,This is a great product.,False
240,Product 240,Books,292.26,94,4.6,2024-03-14 15:42:42.190745,This is a great product.,True
241,Product 241,Home,304.48,64,1.6,2024-09-29 15:42:42.190754,This is a great product.,False
242,Product 242,Electronics,406.43,43,4.9,2024-09-17 15:42:42.190764,This is a great product.,True
243,Product 243,Electronics,127.63,56,5.0,2024-02-05 15:42:42.190772,This is a great product.,True
244,Product 244,Home,189.56,36,2.5,2024-05-10 15:42:42.190782,This is a great product.,True
245,Product 245,Home,37.63,12,3.2,2024-04-16 15:42:42.190791,This is a great product.,False
246,Product 246,Home,363.25,84,4.9,2023-12-27 15:42:42.190800,This is a great product.,True
247,Product 247,Home,45.34,84,1.6,2024-05-04 15:42:42.190809,This is a great product.,False
248,Product 248,Books,68.83,90,4.8,2024-05-25 15:42:42.190818,This is a great product.,False
249,Product 249,Home,407.53,85,3.8,2023-11-15 15:42:42.190827,This is a great product.,True
250,Product 250,Books,256.7,2,2.5,2024-07-30 15:42:42.190837,This is a great product.,True
251,Product 251,Home,474.1,62,1.8,2024-08-21 15:42:42.190845,This is a great product.,True
252,Product 252,Electronics,151.42,100,1.4,2024-01-28 15:42:42.190854,This is a great product.,True
253,Product 253,Home,438.81,79,1.5,2024-04-21 15:42:42.190864,This is a great product.,True
254,Product 254,Clothing,94.52,88,4.1,2024-08-07 15:42:42.190873,This is a great product.,False
255,Product 255,Electronics,208.38,86,3.9,2024-03-17 15:42:42.190882,This is a great product.,False
256,Product 256,Books,120.83,30,2.2,2024-03-04 15:42:42.190891,This is a great product.,True
257,Product 257,Home,340.76,73,4.9,2024-03-08 15:42:42.190900,This is a great product.,False
258,Product 258,Books,253.94,53,4.9,2024-07-20 15:42:42.190909,This is a great product.,True
259,Product 259,Home,30.83,61,4.5,2024-01-21 15:42:42.190918,This is a great product.,True
260,Product 260,Toys,426.33,36,1.3,2024-08-09 15:42:42.190927,This is a great product.,False
261,Product 261,Books,453.13,18,4.3,2024-09-14 15:42:42.190936,This is a great product.,True
262,Product 262,Books,442.89,3,2.7,2024-04-11 15:42:42.190946,This is a great product.,False
263,Product 263,Clothing,196.15,10,2.5,2024-10-16 15:42:42.190955,This is a great product.,False
264,Product 264,Electronics,420.39,83,2.3,2024-08-17 15:42:42.190964,This is a great product.,True
265,Product 265,Electronics,,60,3.8,2024-08-20 15:42:42.190973,This is a great product.,False
266,Product 266,Books,309.6,10,1.1,2024-07-12 15:42:42.190982,This is a great product.,True
267,Product 267,Toys,470.41,77,3.1,2024-09-04 15:42:42.190991,This is a great product.,False
268,Product 268,Clothing,154.07,6,2.0,2023-12-08 15:42:42.191000,This is a great product.,False
269,Product 269,Electronics,59.87,63,3.4,2024-10-22 15:42:42.191009,This is a great product.,True
270,Product 270,Clothing,149.18,0,3.5,2024-06-29 15:42:42.191019,This is a great product.,False
271,Product 271,Clothing,333.86,10,3.1,2024-04-29 15:42:42.191027,This is a great product.,True
272,Product 272,Toys,274.32,100,5.0,2024-01-21 15:42:42.191037,This is a great product.,True
273,Product 273,Books,437.3,5,3.5,2024-04-22 15:42:42.191046,This is a great product.,False
274,Product 274,Electronics,181.76,8,2.4,2023-11-29 15:42:42.191055,This is a great product.,True
275,Product 275,Toys,368.92,42,1.5,2024-05-03 15:42:42.191064,This is a great product.,False
276,Product 276,Clothing,416.04,87,2.9,2023-11-09 15:42:42.191073,This is a great product.,False
277,Product 277,Clothing,406.69,8,3.9,2024-03-10 15:42:42.191082,This is a great product.,True
278,Product 278,Home,104.79,25,4.5,2024-05-22 15:42:42.191092,This is a great product.,False
279,Product 279,Toys,202.12,69,2.9,2024-10-12 15:42:42.191100,This is a great product.,True
280,Product 280,Home,181.7,99,1.2,2023-11-30 15:42:42.191109,This is a great product.,False
281,Product 281,Home,66.62,47,2.7,2024-04-09 15:42:42.191118,This is a great product.,False
282,Product 282,Books,172.82,23,3.0,2024-02-19 15:42:42.191135,This is a great product.,False
283,Product 283,Toys,137.03,10,3.9,2024-09-20 15:42:42.191145,This is a great product.,False
284,Product 284,Toys,497.57,23,3.2,2024-05-19 15:42:42.191154,This is a great product.,True
285,Product 285,Electronics,167.32,37,2.2,2023-12-27 15:42:42.191162,This is a great product.,False
286,Product 286,Clothing,346.43,44,2.8,2024-05-03 15:42:42.191172,This is a great product.,False
287,Product 287,Home,321.54,7,1.3,2023-12-09 15:42:42.191181,This is a great product.,False
288,Product 288,Home,258.98,95,3.7,2024-10-15 15:42:42.191190,This is a great product.,True
289,Product 289,Toys,340.65,56,1.1,2024-09-26 15:42:42.191199,This is a great product.,True
290,Product 290,Home,184.26,72,1.1,2024-08-13 15:42:42.191208,This is a great product.,False
291,Product 291,Home,189.15,97,1.3,2024-08-21 15:42:42.191218,This is a great product.,False
292,Product 292,Books,160.62,35,2.0,2024-09-02 15:42:42.191227,This is a great product.,True
293,Product 293,Clothing,252.03,49,4.7,2024-08-31 15:42:42.191236,This is a great product.,False
294,Product 294,Home,353.5,27,5.0,2024-06-06 15:42:42.191244,This is a great product.,False
295,Product 295,Clothing,65.71,9,2.8,2023-10-31 15:42:42.191254,This is a great product.,False
296,Product 296,Electronics,406.2,40,3.7,2023-11-02 15:42:42.191263,This is a great product.,True
297,Product 297,Toys,273.37,38,4.4,2023-11-01 15:42:42.191273,This is a great product.,True
298,Product 298,Home,256.83,15,4.9,2024-08-20 15:42:42.191283,This is a great product.,True
299,Product 299,Books,18.01,70,3.3,2024-03-05 15:42:42.191292,This is a great product.,True
300,Product 300,Toys,442.7,8,2.2,2024-02-28 15:42:42.191303,This is a great product.,False
301,Product 301,Books,412.55,9,1.5,2024-05-21 15:42:42.191312,This is a great product.,True
302,Product 302,Books,235.59,66,2.4,2024-01-22 15:42:42.191321,This is a great product.,True
303,Product 303,Clothing,219.15,7,4.3,2024-02-08 15:42:42.191331,This is a great product.,True
304,Product 304,Home,86.51,41,4.7,2024-07-07 15:42:42.191340,This is a great product.,False
305,Product 305,Toys,447.99,10,2.0,2023-12-10 15:42:42.191349,This is a great product.,False
306,Product 306,Clothing,314.39,78,3.1,2024-02-16 15:42:42.191359,This is a great product.,True
307,Product 307,Toys,471.1,19,1.7,2023-12-16 15:42:42.191368,This is a great product.,False
308,Product 308,Toys,25.39,3,1.3,2023-12-07 15:42:42.191378,This is a great product.,False
309,Product 309,Clothing,384.64,53,3.5,2024-10-15 15:42:42.191388,This is a great product.,False
310,Product 310,Toys,148.39,38,2.9,2023-11-15 15:42:42.191404,This is a great product.,False
311,Product 311,Home,229.5,88,1.2,2024-03-19 15:42:42.191413,This is a great product.,False
312,Product 312,Books,234.9,43,3.4,2024-05-23 15:42:42.191422,This is a great product.,False
313,Product 313,Home,487.81,16,4.0,2024-02-10 15:42:42.191432,This is a great product.,True
314,Product 314,Home,124.66,15,2.1,2024-06-26 15:42:42.191441,This is a great product.,True
315,Product 315,Electronics,30.05,49,4.5,2024-03-30 15:42:42.191450,This is a great product.,True
316,Product 316,Clothing,407.67,73,3.9,2024-07-25 15:42:42.191459,This is a great product.,True
317,Product 317,Books,498.0,59,3.0,2024-05-26 15:42:42.191468,This is a great product.,False
318,Product 318,Electronics,,50,3.0,2024-06-29 15:42:42.191477,This is a great product.,True
319,Product 319,Toys,179.68,6,2.1,2023-12-30 15:42:42.191486,This is a great product.,False
320,Product 320,Home,,13,2.7,2024-06-17 15:42:42.191496,This is a great product.,False
321,Product 321,Books,186.14,51,1.2,2024-01-17 15:42:42.191505,This is a great product.,True
322,Product 322,Home,278.85,9,2.5,2024-03-14 15:42:42.191513,This is a great product.,False
323,Product 323,Toys,341.8,15,1.5,2024-09-11 15:42:42.191523,This is a great product.,False
324,Product 324,Home,398.47,43,3.2,2024-04-26 15:42:42.191531,This is a great product.,True
325,Product 325,Clothing,303.22,51,3.0,2024-10-07 15:42:42.191541,This is a great product.,True
326,Product 326,Clothing,358.23,60,3.1,2024-08-15 15:42:42.191550,This is a great product.,True
327,Product 327,Home,466.03,40,1.7,2023-12-20 15:42:42.191559,This is a great product.,False
328,Product 328,Toys,171.5,65,3.1,2023-11-03 15:42:42.191568,This is a great product.,False
329,Product 329,Books,408.8,47,2.3,2024-09-04 15:42:42.191577,This is a great product.,False
330,Product 330,Toys,157.3,92,4.5,2023-12-13 15:42:42.191586,This is a great product.,True
331,Product 331,Toys,239.92,83,4.1,2024-01-08 15:42:42.191595,This is a great product.,True
332,Product 332,Electronics,293.84,21,3.1,2023-12-18 15:42:42.191604,This is a great product.,False
333,Product 333,Clothing,411.72,31,1.1,2023-11-07 15:42:42.191614,This is a great product.,True
334,Product 334,Clothing,14.37,40,2.7,2024-04-02 15:42:42.191623,This is a great product.,True
335,Product 335,Books,253.4,78,4.7,2024-09-29 15:42:42.191633,This is a great product.,True
336,Product 336,Toys,107.63,41,5.0,2024-02-29 15:42:42.191642,This is a great product.,False
337,Product 337,Home,478.56,58,4.6,2024-05-08 15:42:42.191651,This is a great product.,False
338,Product 338,Home,306.99,24,4.8,2024-06-10 15:42:42.191661,This is a great product.,False
339,Product 339,Clothing,,38,4.1,2023-11-05 15:42:42.191670,This is a great product.,True
340,Product 340,Books,161.94,44,3.2,2024-06-12 15:42:42.191679,This is a great product.,False
341,Product 341,Electronics,,69,2.5,2024-04-11 15:42:42.191688,This is a great product.,False
342,Product 342,Clothing,148.77,36,4.8,2024-09-20 15:42:42.191698,This is a great product.,False
343,Product 343,Books,329.71,95,2.9,2024-07-19 15:42:42.191706,This is a great product.,False
344,Product 344,Toys,349.6,17,1.4,2024-01-04 15:42:42.191716,This is a great product.,True
345,Product 345,Clothing,30.13,67,1.9,2024-07-03 15:42:42.191725,This is a great product.,True
346,Product 346,Electronics,209.58,91,2.9,2023-11-17 15:42:42.191733,This is a great product.,True
347,Product 347,Electronics,482.44,20,2.6,2024-03-01 15:42:42.191742,This is a great product.,False
348,Product 348,Clothing,379.18,36,2.3,2023-12-05 15:42:42.191751,This is a great product.,True
349,Product 349,Electronics,327.89,29,3.1,2024-10-11 15:42:42.191760,This is a great product.,True
350,Product 350,Books,441.71,22,4.7,2024-10-12 15:42:42.191770,This is a great product.,False
351,Product 351,Books,97.22,95,4.8,2024-06-04 15:42:42.191779,This is a great product.,True
352,Product 352,Electronics,152.7,77,1.4,2024-05-12 15:42:42.191788,This is a great product.,False
353,Product 353,Books,494.6,69,3.1,2024-08-23 15:42:42.191797,This is a great product.,False
354,Product 354,Home,100.44,14,2.3,2024-03-10 15:42:42.191807,This is a great product.,False
355,Product 355,Clothing,11.97,43,4.2,2024-01-14 15:42:42.191816,This is a great product.,True
356,Product 356,Clothing,307.42,81,4.6,2024-03-26 15:42:42.191825,This is a great product.,False
357,Product 357,Electronics,203.41,12,1.7,2024-08-20 15:42:42.191840,This is a great product.,False
358,Product 358,Home,468.23,0,2.0,2024-07-02 15:42:42.191848,This is a great product.,False
359,Product 359,Home,477.25,38,3.3,2024-01-11 15:42:42.191863,This is a great product.,True
360,Product 360,Home,328.57,88,1.9,2023-11-24 15:42:42.191876,This is a great product.,True
361,Product 361,Books,156.87,51,3.7,2023-11-05 15:42:42.191885,This is a great product.,False
362,Product 362,Electronics,321.16,37,2.5,2024-07-09 15:42:42.191895,This is a great product.,True
363,Product 363,Clothing,241.7,58,4.0,2023-12-25 15:42:42.191904,This is a great product.,False
364,Product 364,Books,352.46,60,4.0,2023-11-25 15:42:42.191913,This is a great product.,True
365,Product 365,Clothing,,76,4.5,2024-09-19 15:42:42.191922,This is a great product.,False
366,Product 366,Toys,353.36,9,4.7,2024-09-03 15:42:42.191931,This is a great product.,True
367,Product 367,Toys,451.93,25,3.3,2024-08-15 15:42:42.191946,This is a great product.,True
368,Product 368,Home,427.97,56,1.5,2024-07-17 15:42:42.192203,This is a great product.,False
369,Product 369,Electronics,449.95,57,4.2,2024-03-12 15:42:42.192215,This is a great product.,True
370,Product 370,Toys,210.64,72,1.2,2024-03-08 15:42:42.192223,This is a great product.,False
371,Product 371,Electronics,200.99,0,4.0,2024-01-08 15:42:42.192231,This is a great product.,True
372,Product 372,Electronics,214.73,89,1.3,2024-09-30 15:42:42.192239,This is a great product.,True
373,Product 373,Books,,52,1.7,2024-08-22 15:42:42.192246,This is a great product.,False
374,Product 374,Home,496.46,48,2.8,2024-04-20 15:42:42.192253,This is a great product.,False
375,Product 375,Electronics,342.95,84,4.5,2024-08-23 15:42:42.192260,This is a great product.,False
376,Product 376,Electronics,93.34,68,2.6,2024-08-26 15:42:42.192267,This is a great product.,True
377,Product 377,Electronics,379.31,38,2.9,2024-01-26 15:42:42.192274,This is a great product.,False
378,Product 378,Toys,192.74,29,2.0,2024-05-06 15:42:42.192281,This is a great product.,True
379,Product 379,Home,98.3,92,4.1,2024-10-14 15:42:42.192288,This is a great product.,False
380,Product 380,Toys,384.2,2,2.0,2024-09-26 15:42:42.192295,This is a great product.,True
381,Product 381,Toys,21.62,76,3.7,2024-10-06 15:42:42.192302,This is a great product.,True
382,Product 382,Electronics,204.12,29,3.2,2024-10-02 15:42:42.192309,This is a great product.,True
383,Product 383,Toys,496.77,29,4.3,2024-01-10 15:42:42.192316,This is a great product.,False
384,Product 384,Toys,300.97,86,4.3,2024-07-01 15:42:42.192323,This is a great product.,False
385,Product 385,Clothing,492.92,66,1.9,2024-05-30 15:42:42.192329,This is a great product.,False
386,Product 386,Electronics,280.58,75,4.5,2024-08-02 15:42:42.192336,This is a great product.,False
387,Product 387,Toys,250.33,44,4.8,2023-11-22 15:42:42.192343,This is a great product.,False
388,Product 388,Toys,162.77,53,2.6,2024-05-30 15:42:42.192350,This is a great product.,False
389,Product 389,Clothing,378.44,60,2.0,2024-07-07 15:42:42.192357,This is a great product.,False
390,Product 390,Clothing,403.86,7,3.2,2024-03-31 15:42:42.192364,This is a great product.,True
391,Product 391,Books,125.21,26,2.3,2024-09-20 15:42:42.192371,This is a great product.,False
392,Product 392,Home,50.77,92,4.3,2024-10-04 15:42:42.192378,This is a great product.,False
393,Product 393,Books,338.47,77,1.2,2024-09-23 15:42:42.192385,This is a great product.,True
394,Product 394,Toys,363.53,71,1.9,2024-07-16 15:42:42.192392,This is a great product.,False
395,Product 395,Home,478.72,1,1.8,2024-07-25 15:42:42.192399,This is a great product.,True
396,Product 396,Books,457.65,89,3.4,2024-07-18 15:42:42.192406,This is a great product.,False
397,Product 397,Clothing,278.28,99,2.1,2024-03-06 15:42:42.192412,This is a great product.,False
398,Product 398,Home,134.47,65,4.5,2024-03-06 15:42:42.192419,This is a great product.,True
399,Product 399,Books,382.01,40,4.7,2024-04-24 15:42:42.192426,This is a great product.,False
400,Product 400,Books,27.63,28,4.0,2024-10-22 15:42:42.192433,This is a great product.,False
401,Product 401,Toys,467.71,74,3.9,2024-06-01 15:42:42.192439,This is a great product.,True
402,Product 402,Clothing,,48,3.3,2024-06-27 15:42:42.192447,This is a great product.,False
403,Product 403,Toys,329.03,87,2.4,2024-02-23 15:42:42.192454,This is a great product.,False
404,Product 404,Books,88.28,45,1.7,2024-01-25 15:42:42.192461,This is a great product.,False
405,Product 405,Clothing,458.87,69,5.0,2024-09-30 15:42:42.192468,This is a great product.,True
406,Product 406,Electronics,472.87,85,1.2,2024-10-27 15:42:42.192775,This is a great product.,False
407,Product 407,Clothing,422.06,29,1.3,2024-08-14 15:42:42.192784,This is a great product.,True
408,Product 408,Clothing,255.34,47,1.2,2023-12-09 15:42:42.192791,This is a great product.,False
409,Product 409,Books,12.79,68,3.2,2024-10-24 15:42:42.192799,This is a great product.,True
410,Product 410,Toys,362.49,68,4.9,2024-10-22 15:42:42.192805,This is a great product.,False
411,Product 411,Clothing,57.97,12,3.1,2024-06-29 15:42:42.192813,This is a great product.,True
412,Product 412,Toys,265.6,45,2.1,2024-04-10 15:42:42.192819,This is a great product.,True
413,Product 413,Home,479.85,58,3.3,2023-11-09 15:42:42.192826,This is a great product.,True
414,Product 414,Home,343.6,10,3.6,2023-12-03 15:42:42.192833,This is a great product.,True
415,Product 415,Electronics,205.61,48,3.2,2024-10-02 15:42:42.192840,This is a great product.,True
416,Product 416,Clothing,45.93,55,3.6,2024-05-14 15:42:42.192847,This is a great product.,True
417,Product 417,Toys,459.98,29,1.8,2023-11-11 15:42:42.192854,This is a great product.,False
418,Product 418,Home,28.05,9,3.7,2024-06-09 15:42:42.192861,This is a great product.,True
419,Product 419,Clothing,464.74,40,1.1,2024-07-16 15:42:42.192868,This is a great product.,True
420,Product 420,Books,464.79,38,1.6,2024-06-29 15:42:42.192875,This is a great product.,False
421,Product 421,Toys,169.21,96,4.0,2023-11-13 15:42:42.192883,This is a great product.,True
422,Product 422,Toys,374.0,44,1.2,2024-03-21 15:42:42.192890,This is a great product.,True
423,Product 423,Electronics,173.59,98,3.5,2023-12-31 15:42:42.192897,This is a great product.,False
424,Product 424,Home,19.66,34,4.1,2024-03-14 15:42:42.192904,This is a great product.,False
425,Product 425,Clothing,181.13,48,2.7,2023-11-17 15:42:42.192911,This is a great product.,False
426,Product 426,Electronics,387.22,37,4.2,2023-10-31 15:42:42.192918,This is a great product.,True
427,Product 427,Electronics,137.65,48,3.8,2023-12-11 15:42:42.192925,This is a great product.,True
428,Product 428,Books,161.76,13,1.4,2024-05-26 15:42:42.192931,This is a great product.,False
429,Product 429,Home,381.87,13,1.5,2024-07-27 15:42:42.192938,This is a great product.,False
430,Product 430,Books,280.71,65,2.6,2024-10-17 15:42:42.192945,This is a great product.,True
431,Product 431,Home,279.34,76,3.4,2024-05-17 15:42:42.192952,This is a great product.,False
432,Product 432,Electronics,149.46,49,4.1,2024-01-18 15:42:42.192958,This is a great product.,True
433,Product 433,Toys,262.95,87,2.5,2024-08-20 15:42:42.192965,This is a great product.,False
434,Product 434,Home,137.86,18,1.3,2024-03-22 15:42:42.192972,This is a great product.,False
435,Product 435,Books,153.38,100,1.3,2024-06-24 15:42:42.192979,This is a great product.,True
436,Product 436,Books,298.93,25,2.8,2024-08-22 15:42:42.192986,This is a great product.,False
437,Product 437,Electronics,474.67,42,4.4,2024-04-19 15:42:42.192992,This is a great product.,False
438,Product 438,Books,170.69,83,4.9,2024-08-22 15:42:42.193003,This is a great product.,False
439,Product 439,Home,303.59,88,1.8,2024-05-23 15:42:42.193010,This is a great product.,True
440,Product 440,Books,484.52,37,3.9,2023-12-11 15:42:42.193024,This is a great product.,False
441,Product 441,Toys,392.08,41,2.5,2024-04-12 15:42:42.193031,This is a great product.,False
442,Product 442,Electronics,466.37,25,3.4,2024-01-25 15:42:42.193038,This is a great product.,True
443,Product 443,Toys,18.32,93,2.8,2023-11-03 15:42:42.193044,This is a great product.,True
444,Product 444,Books,399.85,88,1.3,2024-04-04 15:42:42.193051,This is a great product.,False
445,Product 445,Clothing,318.5,30,2.0,2024-08-13 15:42:42.193058,This is a great product.,False
446,Product 446,Books,41.61,76,2.9,2024-04-08 15:42:42.193065,This is a great product.,False
447,Product 447,Toys,23.2,46,3.8,2024-01-30 15:42:42.193072,This is a great product.,True
448,Product 448,Electronics,385.63,84,3.7,2024-08-06 15:42:42.193079,This is a great product.,True
449,Product 449,Toys,491.89,86,3.6,2024-05-14 15:42:42.193086,This is a great product.,False
450,Product 450,Electronics,10.22,33,1.9,2024-02-08 15:42:42.193092,This is a great product.,True
451,Product 451,Books,190.19,59,4.1,2024-01-03 15:42:42.193100,This is a great product.,True
452,Product 452,Home,498.86,61,1.4,2024-04-01 15:42:42.193106,This is a great product.,True
453,Product 453,Electronics,416.5,93,1.6,2024-05-24 15:42:42.193113,This is a great product.,False
454,Product 454,Books,393.21,66,2.9,2024-03-01 15:42:42.193119,This is a great product.,True
455,Product 455,Books,362.39,57,2.3,2024-05-30 15:42:42.193126,This is a great product.,True
456,Product 456,Electronics,16.18,43,3.6,2023-11-19 15:42:42.193132,This is a great product.,True
457,Product 457,Clothing,260.42,70,1.6,2024-01-18 15:42:42.193139,This is a great product.,False
458,Product 458,Books,119.77,51,3.5,2024-07-27 15:42:42.193146,This is a great product.,False
459,Product 459,Books,19.45,78,4.5,2024-03-14 15:42:42.193153,This is a great product.,False
460,Product 460,Books,7.2,27,1.8,2023-11-05 15:42:42.193159,This is a great product.,True
461,Product 461,Toys,55.37,68,1.7,2024-05-17 15:42:42.193166,This is a great product.,True
462,Product 462,Books,61.41,85,4.5,2024-02-03 15:42:42.193173,This is a great product.,False
463,Product 463,Toys,197.38,50,3.3,2024-05-05 15:42:42.193179,This is a great product.,False
464,Product 464,Books,310.59,86,3.8,2024-05-31 15:42:42.193186,This is a great product.,True
465,Product 465,Clothing,160.03,30,2.2,2024-07-29 15:42:42.193193,This is a great product.,False
466,Product 466,Clothing,257.86,53,3.4,2024-01-10 15:42:42.193199,This is a great product.,False
467,Product 467,Books,,81,3.1,2023-12-05 15:42:42.193206,This is a great product.,True
468,Product 468,Toys,87.6,36,1.6,2024-05-22 15:42:42.193213,This is a great product.,False
469,Product 469,Toys,31.54,45,4.8,2024-02-25 15:42:42.193219,This is a great product.,True
470,Product 470,Clothing,408.53,71,3.0,2024-02-20 15:42:42.193226,This is a great product.,False
471,Product 471,Books,210.74,56,3.0,2024-09-18 15:42:42.193232,This is a great product.,True
472,Product 472,Clothing,149.58,35,1.9,2024-06-05 15:42:42.193239,This is a great product.,True
473,Product 473,Books,285.0,98,4.1,2024-01-23 15:42:42.193245,This is a great product.,True
474,Product 474,Toys,61.53,99,3.2,2024-04-26 15:42:42.193252,This is a great product.,True
475,Product 475,Books,275.44,54,1.4,2023-12-01 15:42:42.193259,This is a great product.,True
476,Product 476,Home,438.03,4,2.8,2024-05-05 15:42:42.193265,This is a great product.,True
477,Product 477,Books,,15,4.1,2024-07-01 15:42:42.193272,This is a great product.,True
478,Product 478,Toys,346.12,90,3.4,2024-03-25 15:42:42.193279,This is a great product.,True
479,Product 479,Toys,73.92,26,4.3,2024-09-30 15:42:42.193285,This is a great product.,False
480,Product 480,Toys,,68,1.7,2023-11-05 15:42:42.193292,This is a great product.,False
481,Product 481,Home,288.5,65,4.9,2023-11-18 15:42:42.193299,This is a great product.,True
482,Product 482,Clothing,,100,2.6,2024-09-30 15:42:42.193305,This is a great product.,False
483,Product 483,Clothing,352.21,16,2.0,2023-11-01 15:42:42.193313,This is a great product.,False
484,Product 484,Clothing,381.93,86,2.6,2024-08-19 15:42:42.193320,This is a great product.,False
485,Product 485,Books,190.71,9,3.5,2024-09-13 15:42:42.193326,This is a great product.,False
486,Product 486,Toys,376.15,88,4.7,2024-04-25 15:42:42.193345,This is a great product.,False
487,Product 487,Books,167.01,0,4.5,2024-09-13 15:42:42.193351,This is a great product.,False
488,Product 488,Home,425.8,68,2.6,2024-03-25 15:42:42.193358,This is a great product.,True
489,Product 489,Books,137.93,36,2.4,2024-01-09 15:42:42.193365,This is a great product.,True
490,Product 490,Toys,426.95,100,2.4,2023-11-16 15:42:42.193371,This is a great product.,True
491,Product 491,Electronics,54.29,100,4.3,2024-10-22 15:42:42.193378,This is a great product.,True
492,Product 492,Clothing,223.44,0,5.0,2024-03-25 15:42:42.193384,This is a great product.,True
493,Product 493,Clothing,441.66,38,1.6,2024-06-12 15:42:42.193391,This is a great product.,True
494,Product 494,Home,128.94,47,3.7,2023-12-03 15:42:42.193398,This is a great product.,True
495,Product 495,Electronics,201.19,39,3.9,2024-07-03 15:42:42.193404,This is a great product.,False
496,Product 496,Electronics,353.33,0,1.9,2024-09-21 15:42:42.193410,This is a great product.,True
497,Product 497,Toys,116.96,87,2.8,2024-10-26 15:42:42.193417,This is a great product.,False
498,Product 498,Electronics,494.14,54,3.8,2024-02-29 15:42:42.193423,This is a great product.,True
499,Product 499,Clothing,194.62,93,4.2,2024-09-08 15:42:42.193430,This is a great product.,False
500,Product 500,Home,441.09,17,2.5,2024-08-23 15:42:42.193436,This is a great product.,True
501,Product 501,Electronics,267.6,1,3.4,2024-08-07 15:42:42.193443,This is a great product.,False
502,Product 502,Home,362.6,80,4.0,2024-04-03 15:42:42.193449,This is a great product.,False
503,Product 503,Clothing,47.91,12,1.6,2024-08-28 15:42:42.193456,This is a great product.,False
504,Product 504,Home,481.81,40,4.2,2024-06-26 15:42:42.193463,This is a great product.,False
505,Product 505,Electronics,127.84,76,3.4,2023-12-24 15:42:42.193469,This is a great product.,False
506,Product 506,Electronics,424.71,84,4.5,2024-07-17 15:42:42.193476,This is a great product.,True
507,Product 507,Books,151.29,6,4.1,2024-06-30 15:42:42.193482,This is a great product.,False
508,Product 508,Books,60.81,63,3.6,2024-09-24 15:42:42.193489,This is a great product.,True
509,Product 509,Home,467.29,16,2.5,2024-01-13 15:42:42.193495,This is a great product.,False
510,Product 510,Home,275.45,22,4.1,2024-09-23 15:42:42.193502,This is a great product.,True
511,Product 511,Toys,38.43,33,1.9,2024-09-30 15:42:42.193509,This is a great product.,False
512,Product 512,Toys,146.81,91,3.0,2024-04-01 15:42:42.193515,This is a great product.,False
513,Product 513,Books,45.8,68,3.2,2024-08-13 15:42:42.193522,This is a great product.,False
514,Product 514,Electronics,158.4,65,4.7,2024-08-12 15:42:42.193528,This is a great product.,False
515,Product 515,Books,295.29,97,4.3,2023-11-17 15:42:42.193535,This is a great product.,True
516,Product 516,Home,350.84,93,4.8,2024-06-30 15:42:42.193544,This is a great product.,True
517,Product 517,Clothing,47.68,55,1.5,2023-12-22 15:42:42.193551,This is a great product.,True
518,Product 518,Home,334.71,84,4.0,2024-08-30 15:42:42.193557,This is a great product.,True
519,Product 519,Clothing,352.24,20,3.0,2024-05-06 15:42:42.193564,This is a great product.,False
520,Product 520,Clothing,189.08,95,4.1,2024-06-15 15:42:42.193570,This is a great product.,True
521,Product 521,Electronics,170.83,54,2.1,2024-09-28 15:42:42.193577,This is a great product.,False
522,Product 522,Toys,315.63,63,2.8,2024-04-29 15:42:42.193584,This is a great product.,True
523,Product 523,Books,430.38,21,2.5,2024-06-22 15:42:42.193590,This is a great product.,True
524,Product 524,Toys,338.69,14,1.9,2024-02-13 15:42:42.193597,This is a great product.,True
525,Product 525,Electronics,430.05,1,2.0,2024-03-03 15:42:42.193603,This is a great product.,False
526,Product 526,Books,460.51,22,4.7,2024-10-12 15:42:42.193610,This is a great product.,False
527,Product 527,Clothing,164.29,53,4.7,2024-05-20 15:42:42.193617,This is a great product.,False
528,Product 528,Electronics,287.91,15,3.0,2024-10-04 15:42:42.193623,This is a great product.,True
529,Product 529,Clothing,403.15,5,4.8,2024-09-25 15:42:42.193633,This is a great product.,False
530,Product 530,Home,387.9,39,2.3,2024-01-21 15:42:42.193639,This is a great product.,False
531,Product 531,Electronics,187.62,37,3.3,2024-05-28 15:42:42.193646,This is a great product.,True
532,Product 532,Books,187.3,63,5.0,2024-07-22 15:42:42.193652,This is a great product.,True
533,Product 533,Clothing,8.16,52,1.1,2024-01-27 15:42:42.193659,This is a great product.,False
534,Product 534,Electronics,475.74,0,4.0,2024-04-21 15:42:42.193666,This is a great product.,False
535,Product 535,Electronics,106.57,30,2.7,2024-09-30 15:42:42.193672,This is a great product.,True
536,Product 536,Home,51.05,29,4.6,2024-02-07 15:42:42.193679,This is a great product.,False
537,Product 537,Home,231.94,95,1.3,2024-09-12 15:42:42.193686,This is a great product.,True
538,Product 538,Books,42.04,72,1.2,2023-11-26 15:42:42.193692,This is a great product.,True
539,Product 539,Clothing,149.38,40,4.7,2024-04-12 15:42:42.193699,This is a great product.,False
540,Product 540,Home,229.12,29,1.3,2024-07-19 15:42:42.193706,This is a great product.,True
541,Product 541,Toys,58.94,13,1.7,2024-03-06 15:42:42.193712,This is a great product.,False
542,Product 542,Books,64.76,45,4.9,2024-07-16 15:42:42.193718,This is a great product.,False
543,Product 543,Home,234.36,15,1.4,2023-11-14 15:42:42.193725,This is a great product.,False
544,Product 544,Toys,24.96,41,1.6,2023-11-01 15:42:42.193733,This is a great product.,True
545,Product 545,Home,201.14,6,3.7,2024-06-19 15:42:42.193739,This is a great product.,True
546,Product 546,Electronics,476.29,57,3.2,2024-01-23 15:42:42.193746,This is a great product.,True
547,Product 547,Electronics,,17,1.5,2024-09-29 15:42:42.193753,This is a great product.,True
548,Product 548,Clothing,103.08,51,2.5,2023-12-13 15:42:42.193760,This is a great product.,True
549,Product 549,Toys,295.13,9,1.1,2024-09-27 15:42:42.193768,This is a great product.,True
550,Product 550,Books,405.6,11,4.6,2024-05-14 15:42:42.193776,This is a great product.,True
551,Product 551,Electronics,471.43,6,1.7,2024-01-11 15:42:42.193784,This is a great product.,False
552,Product 552,Books,250.58,48,3.7,2024-08-03 15:42:42.193792,This is a great product.,False
553,Product 553,Clothing,454.61,35,2.1,2024-08-15 15:42:42.193800,This is a great product.,True
554,Product 554,Toys,311.49,31,3.6,2024-02-18 15:42:42.193807,This is a great product.,False
555,Product 555,Toys,242.12,11,2.1,2024-08-21 15:42:42.193815,This is a great product.,False
556,Product 556,Clothing,323.11,67,2.0,2024-01-26 15:42:42.193823,This is a great product.,True
557,Product 557,Books,392.05,45,2.9,2024-02-25 15:42:42.193831,This is a great product.,False
558,Product 558,Toys,253.68,49,2.1,2024-10-17 15:42:42.193839,This is a great product.,False
559,Product 559,Toys,113.41,99,2.1,2024-03-03 15:42:42.193846,This is a great product.,False
560,Product 560,Toys,499.8,20,1.4,2023-11-29 15:42:42.193854,This is a great product.,True
561,Product 561,Home,269.18,94,1.2,2024-07-10 15:42:42.193862,This is a great product.,False
562,Product 562,Home,467.93,22,1.7,2024-01-01 15:42:42.193871,This is a great product.,False
563,Product 563,Home,457.42,3,3.8,2024-05-03 15:42:42.193879,This is a great product.,True
564,Product 564,Toys,474.44,63,3.2,2024-08-02 15:42:42.193887,This is a great product.,False
565,Product 565,Electronics,49.68,29,3.4,2024-10-20 15:42:42.193895,This is a great product.,False
566,Product 566,Electronics,169.21,78,1.8,2024-08-25 15:42:42.193903,This is a great product.,False
567,Product 567,Clothing,459.8,41,1.2,2024-08-16 15:42:42.193911,This is a great product.,True
568,Product 568,Electronics,424.01,46,4.8,2024-04-22 15:42:42.193919,This is a great product.,False
569,Product 569,Toys,55.01,38,2.3,2024-08-11 15:42:42.193927,This is a great product.,False
570,Product 570,Books,326.34,22,3.8,2024-01-17 15:42:42.193960,This is a great product.,False
571,Product 571,Clothing,334.44,22,2.5,2023-11-13 15:42:42.193968,This is a great product.,False
572,Product 572,Clothing,92.97,0,4.8,2024-01-11 15:42:42.193976,This is a great product.,False
573,Product 573,Toys,21.03,77,2.3,2023-12-22 15:42:42.193985,This is a great product.,True
574,Product 574,Toys,56.53,63,1.6,2024-09-21 15:42:42.193993,This is a great product.,True
575,Product 575,Home,491.28,21,3.5,2024-09-15 15:42:42.194001,This is a great product.,False
576,Product 576,Books,10.64,26,2.0,2024-09-26 15:42:42.194009,This is a great product.,False
577,Product 577,Home,394.57,92,1.0,2024-04-16 15:42:42.194016,This is a great product.,False
578,Product 578,Books,484.71,52,3.0,2024-04-20 15:42:42.194024,This is a great product.,False
579,Product 579,Toys,190.8,61,4.2,2024-01-09 15:42:42.194032,This is a great product.,True
580,Product 580,Clothing,228.39,4,2.2,2024-05-20 15:42:42.194040,This is a great product.,False
581,Product 581,Electronics,41.73,21,4.6,2024-08-09 15:42:42.194048,This is a great product.,True
582,Product 582,Toys,,11,2.4,2023-12-21 15:42:42.194056,This is a great product.,False
583,Product 583,Electronics,218.51,83,1.7,2024-03-22 15:42:42.194064,This is a great product.,True
584,Product 584,Electronics,55.12,26,4.9,2024-04-04 15:42:42.194072,This is a great product.,False
585,Product 585,Home,152.21,12,1.2,2024-01-12 15:42:42.194081,This is a great product.,False
586,Product 586,Clothing,31.98,0,2.7,2024-06-02 15:42:42.194088,This is a great product.,False
587,Product 587,Clothing,53.01,26,1.7,2024-06-03 15:42:42.194096,This is a great product.,True
588,Product 588,Books,422.67,39,4.1,2024-03-03 15:42:42.194104,This is a great product.,False
589,Product 589,Home,50.11,69,2.6,2024-04-24 15:42:42.194112,This is a great product.,False
590,Product 590,Home,97.36,5,2.1,2024-03-06 15:42:42.194120,This is a great product.,False
591,Product 591,Clothing,419.35,72,1.2,2023-11-09 15:42:42.194128,This is a great product.,True
592,Product 592,Electronics,335.73,69,2.7,2024-01-03 15:42:42.194136,This is a great product.,True
593,Product 593,Toys,35.19,49,4.3,2024-03-30 15:42:42.194144,This is a great product.,False
594,Product 594,Toys,441.42,60,2.2,2024-04-11 15:42:42.194156,This is a great product.,True
595,Product 595,Toys,287.75,66,4.2,2023-11-19 15:42:42.194164,This is a great product.,True
596,Product 596,Electronics,474.88,57,1.7,2024-08-06 15:42:42.194172,This is a great product.,True
597,Product 597,Clothing,67.46,54,1.3,2023-11-16 15:42:42.194180,This is a great product.,False
598,Product 598,Clothing,498.65,80,1.6,2023-12-31 15:42:42.194188,This is a great product.,False
599,Product 599,Home,455.85,8,1.3,2024-01-20 15:42:42.194196,This is a great product.,False
600,Product 600,Toys,166.43,35,3.1,2024-10-24 15:42:42.194204,This is a great product.,False
601,Product 601,Electronics,210.15,18,3.3,2024-01-06 15:42:42.194212,This is a great product.,True
602,Product 602,Electronics,283.53,12,4.1,2024-01-30 15:42:42.194221,This is a great product.,False
603,Product 603,Books,135.75,83,2.9,2023-12-24 15:42:42.194229,This is a great product.,False
604,Product 604,Electronics,90.24,51,1.6,2023-12-24 15:42:42.194237,This is a great product.,False
605,Product 605,Electronics,200.92,42,3.8,2024-10-05 15:42:42.194245,This is a great product.,False
606,Product 606,Home,449.03,2,2.4,2024-05-28 15:42:42.194253,This is a great product.,False
607,Product 607,Home,422.21,89,3.7,2024-07-06 15:42:42.194261,This is a great product.,True
608,Product 608,Home,487.24,56,4.1,2024-05-19 15:42:42.194269,This is a great product.,False
609,Product 609,Books,304.46,11,1.8,2024-07-14 15:42:42.194277,This is a great product.,False
610,Product 610,Books,380.95,47,4.3,2024-02-10 15:42:42.194285,This is a great product.,True
611,Product 611,Electronics,159.01,64,2.6,2024-02-05 15:42:42.194294,This is a great product.,True
612,Product 612,Clothing,100.42,25,4.3,2024-06-25 15:42:42.194302,This is a great product.,True
613,Product 613,Books,30.03,46,3.8,2024-06-12 15:42:42.194312,This is a great product.,False
614,Product 614,Books,255.04,81,4.7,2023-11-17 15:42:42.194320,This is a great product.,True
615,Product 615,Clothing,189.37,76,2.8,2024-03-02 15:42:42.194329,This is a great product.,False
616,Product 616,Home,85.94,33,4.0,2023-11-13 15:42:42.194337,This is a great product.,True
617,Product 617,Home,18.59,6,1.7,2024-01-12 15:42:42.194345,This is a great product.,True
618,Product 618,Clothing,325.45,86,1.8,2023-12-02 15:42:42.194353,This is a great product.,False
619,Product 619,Toys,14.93,99,4.9,2023-11-16 15:42:42.194361,This is a great product.,True
620,Product 620,Books,456.2,82,1.7,2024-10-26 15:42:42.194368,This is a great product.,True
621,Product 621,Home,306.13,39,3.9,2023-11-02 15:42:42.194376,This is a great product.,False
622,Product 622,Books,448.26,44,2.8,2024-07-11 15:42:42.194384,This is a great product.,False
623,Product 623,Home,340.21,79,2.6,2024-09-08 15:42:42.194392,This is a great product.,True
624,Product 624,Toys,499.72,47,3.2,2023-12-31 15:42:42.194399,This is a great product.,False
625,Product 625,Home,343.78,61,1.3,2024-06-11 15:42:42.194407,This is a great product.,False
626,Product 626,Home,134.27,91,4.8,2023-12-02 15:42:42.194416,This is a great product.,False
627,Product 627,Clothing,79.22,97,2.0,2024-10-01 15:42:42.194423,This is a great product.,False
628,Product 628,Home,341.97,92,1.1,2024-02-19 15:42:42.194431,This is a great product.,False
629,Product 629,Home,453.92,51,2.6,2024-10-12 15:42:42.194439,This is a great product.,True
630,Product 630,Home,364.64,28,3.7,2023-12-09 15:42:42.194447,This is a great product.,False
631,Product 631,Home,256.12,21,4.4,2024-01-19 15:42:42.194455,This is a great product.,True
632,Product 632,Home,,16,4.0,2024-01-18 15:42:42.194464,This is a great product.,True
633,Product 633,Home,328.95,28,2.4,2024-05-26 15:42:42.194473,This is a great product.,False
634,Product 634,Home,188.98,74,2.2,2024-08-31 15:42:42.194481,This is a great product.,False
635,Product 635,Electronics,433.86,74,3.3,2023-12-18 15:42:42.194489,This is a great product.,True
636,Product 636,Books,445.27,64,1.5,2023-11-17 15:42:42.194497,This is a great product.,False
637,Product 637,Toys,152.69,6,4.5,2024-08-14 15:42:42.194504,This is a great product.,True
638,Product 638,Clothing,174.62,72,4.6,2024-03-10 15:42:42.194512,This is a great product.,True
639,Product 639,Home,431.89,23,4.1,2024-02-24 15:42:42.194520,This is a great product.,False
640,Product 640,Clothing,160.14,7,1.0,2024-06-12 15:42:42.194529,This is a great product.,True
641,Product 641,Clothing,290.26,20,3.0,2024-09-15 15:42:42.194537,This is a great product.,True
642,Product 642,Toys,219.69,54,2.6,2024-02-29 15:42:42.194545,This is a great product.,False
643,Product 643,Electronics,23.67,25,3.9,2024-10-23 15:42:42.194553,This is a great product.,False
644,Product 644,Toys,99.34,86,1.0,2024-06-25 15:42:42.194561,This is a great product.,True
645,Product 645,Home,159.49,13,2.5,2024-01-03 15:42:42.194569,This is a great product.,False
646,Product 646,Clothing,37.32,5,2.2,2024-06-04 15:42:42.194576,This is a great product.,False
647,Product 647,Toys,300.2,43,2.7,2023-11-14 15:42:42.194584,This is a great product.,True
648,Product 648,Home,498.09,62,2.4,2024-07-26 15:42:42.194592,This is a great product.,True
649,Product 649,Books,14.47,28,3.9,2024-08-24 15:42:42.194600,This is a great product.,True
650,Product 650,Electronics,296.9,21,1.5,2023-11-01 15:42:42.194608,This is a great product.,True
651,Product 651,Books,438.89,32,4.1,2023-12-16 15:42:42.194616,This is a great product.,True
652,Product 652,Toys,497.37,84,1.4,2024-10-20 15:42:42.194623,This is a great product.,True
653,Product 653,Electronics,211.3,48,1.5,2024-06-23 15:42:42.194632,This is a great product.,False
654,Product 654,Clothing,106.72,87,3.5,2024-05-29 15:42:42.194640,This is a great product.,False
655,Product 655,Electronics,332.93,34,3.5,2023-11-07 15:42:42.194649,This is a great product.,True
656,Product 656,Books,416.17,13,3.0,2023-12-19 15:42:42.194657,This is a great product.,True
657,Product 657,Home,61.44,13,3.0,2023-12-24 15:42:42.194665,This is a great product.,True
658,Product 658,Home,416.59,25,2.4,2024-04-04 15:42:42.194673,This is a great product.,False
659,Product 659,Clothing,24.51,63,4.6,2023-11-13 15:42:42.194681,This is a great product.,False
660,Product 660,Home,,1,3.7,2024-09-04 15:42:42.194689,This is a great product.,False
661,Product 661,Clothing,474.98,99,3.0,2024-09-09 15:42:42.194698,This is a great product.,False
662,Product 662,Clothing,231.09,37,2.1,2024-10-05 15:42:42.194705,This is a great product.,True
663,Product 663,Clothing,437.7,37,2.4,2023-11-19 15:42:42.194712,This is a great product.,False
664,Product 664,Books,370.58,12,4.4,2024-10-07 15:42:42.194719,This is a great product.,True
665,Product 665,Clothing,333.36,21,2.3,2024-03-20 15:42:42.194726,This is a great product.,False
666,Product 666,Electronics,189.45,43,1.7,2024-04-08 15:42:42.194733,This is a great product.,False
667,Product 667,Books,139.56,49,3.8,2024-02-29 15:42:42.194739,This is a great product.,False
668,Product 668,Clothing,60.96,89,3.9,2024-08-10 15:42:42.194746,This is a great product.,True
669,Product 669,Books,456.06,61,4.2,2023-11-18 15:42:42.194753,This is a great product.,False
670,Product 670,Clothing,307.6,99,2.4,2024-10-16 15:42:42.194759,This is a great product.,True
671,Product 671,Books,460.6,14,4.6,2024-03-19 15:42:42.194766,This is a great product.,True
672,Product 672,Electronics,134.5,40,1.0,2023-11-18 15:42:42.194775,This is a great product.,True
673,Product 673,Home,261.95,88,3.8,2024-09-12 15:42:42.194783,This is a great product.,False
674,Product 674,Clothing,243.56,84,3.7,2024-04-16 15:42:42.194789,This is a great product.,True
675,Product 675,Toys,446.57,78,1.2,2023-12-06 15:42:42.194796,This is a great product.,True
676,Product 676,Toys,425.18,63,4.5,2024-09-22 15:42:42.194802,This is a great product.,False
677,Product 677,Home,124.24,35,1.2,2024-07-08 15:42:42.194809,This is a great product.,False
678,Product 678,Books,409.47,10,2.8,2024-01-11 15:42:42.194816,This is a great product.,False
679,Product 679,Electronics,429.01,57,2.3,2024-02-19 15:42:42.194822,This is a great product.,True
680,Product 680,Electronics,204.7,4,3.2,2024-10-30 15:42:42.194829,This is a great product.,True
681,Product 681,Toys,481.77,81,2.2,2024-02-13 15:42:42.194835,This is a great product.,True
682,Product 682,Books,,46,4.3,2024-07-08 15:42:42.194842,This is a great product.,False
683,Product 683,Home,282.27,79,3.4,2023-11-29 15:42:42.194848,This is a great product.,False
684,Product 684,Books,61.44,97,3.6,2024-10-29 15:42:42.194855,This is a great product.,False
685,Product 685,Home,415.79,37,3.2,2024-04-22 15:42:42.194861,This is a great product.,True
686,Product 686,Electronics,448.95,63,1.6,2024-04-04 15:42:42.194868,This is a great product.,True
687,Product 687,Home,,24,1.5,2024-04-12 15:42:42.194875,This is a great product.,True
688,Product 688,Books,413.15,24,3.9,2024-09-05 15:42:42.194881,This is a great product.,False
689,Product 689,Electronics,463.68,86,3.4,2024-03-14 15:42:42.194888,This is a great product.,False
690,Product 690,Toys,478.31,17,4.9,2024-10-28 15:42:42.194894,This is a great product.,True
691,Product 691,Toys,467.98,74,2.9,2024-02-13 15:42:42.194901,This is a great product.,True
692,Product 692,Toys,90.96,16,1.4,2023-11-29 15:42:42.194908,This is a great product.,False
693,Product 693,Toys,441.29,53,4.9,2023-11-11 15:42:42.194915,This is a great product.,True
694,Product 694,Home,201.95,43,4.9,2024-03-13 15:42:42.194921,This is a great product.,True
695,Product 695,Clothing,209.31,89,4.5,2024-02-11 15:42:42.194928,This is a great product.,False
696,Product 696,Toys,431.05,91,3.9,2024-01-21 15:42:42.194935,This is a great product.,True
697,Product 697,Clothing,108.81,91,2.2,2024-05-07 15:42:42.194942,This is a great product.,True
698,Product 698,Clothing,254.43,88,3.5,2023-11-02 15:42:42.194953,This is a great product.,True
699,Product 699,Home,283.33,74,3.3,2023-11-24 15:42:42.194964,This is a great product.,False
700,Product 700,Toys,146.53,54,4.2,2024-02-06 15:42:42.194971,This is a great product.,True
701,Product 701,Electronics,,6,3.7,2024-07-20 15:42:42.194977,This is a great product.,False
702,Product 702,Clothing,491.85,87,2.0,2024-09-29 15:42:42.194985,This is a great product.,False
703,Product 703,Clothing,378.03,4,2.4,2024-03-13 15:42:42.194992,This is a great product.,True
704,Product 704,Toys,434.68,94,3.2,2024-07-08 15:42:42.194998,This is a great product.,False
705,Product 705,Clothing,257.91,89,2.2,2023-11-25 15:42:42.195005,This is a great product.,True
706,Product 706,Books,196.84,100,4.9,2024-05-23 15:42:42.195012,This is a great product.,True
707,Product 707,Electronics,373.12,25,3.5,2024-03-18 15:42:42.195019,This is a great product.,True
708,Product 708,Home,378.78,69,4.0,2024-07-22 15:42:42.195026,This is a great product.,True
709,Product 709,Home,227.16,87,1.3,2024-08-03 15:42:42.195033,This is a great product.,True
710,Product 710,Books,25.11,35,3.2,2024-08-25 15:42:42.195040,This is a great product.,True
711,Product 711,Toys,423.78,0,2.3,2023-11-02 15:42:42.195046,This is a great product.,True
712,Product 712,Electronics,81.08,41,3.4,2023-12-15 15:42:42.195053,This is a great product.,False
713,Product 713,Books,396.0,70,2.4,2023-11-03 15:42:42.195060,This is a great product.,False
714,Product 714,Toys,113.88,23,3.1,2024-02-15 15:42:42.195067,This is a great product.,True
715,Product 715,Books,273.82,51,1.4,2024-07-09 15:42:42.195073,This is a great product.,True
716,Product 716,Home,,37,1.9,2023-12-19 15:42:42.195080,This is a great product.,False
717,Product 717,Toys,,83,1.0,2023-11-23 15:42:42.195087,This is a great product.,False
718,Product 718,Books,123.97,82,3.5,2023-12-17 15:42:42.195094,This is a great product.,True
719,Product 719,Electronics,342.86,41,2.5,2024-09-02 15:42:42.195100,This is a great product.,False
720,Product 720,Home,272.42,36,1.1,2024-02-09 15:42:42.195107,This is a great product.,False
721,Product 721,Toys,402.39,57,2.9,2024-06-01 15:42:42.195114,This is a great product.,True
722,Product 722,Home,259.38,12,1.7,2024-01-29 15:42:42.195121,This is a great product.,True
723,Product 723,Electronics,109.34,80,4.1,2023-11-15 15:42:42.195128,This is a great product.,False
724,Product 724,Electronics,106.76,89,4.5,2024-03-22 15:42:42.195135,This is a great product.,True
725,Product 725,Clothing,16.76,91,2.3,2024-09-16 15:42:42.195142,This is a great product.,True
726,Product 726,Electronics,93.11,32,3.2,2024-01-10 15:42:42.195149,This is a great product.,True
727,Product 727,Home,206.78,57,3.5,2024-03-23 15:42:42.195156,This is a great product.,False
728,Product 728,Electronics,,15,3.1,2023-12-07 15:42:42.195162,This is a great product.,True
729,Product 729,Toys,27.53,9,2.4,2024-02-16 15:42:42.195169,This is a great product.,True
730,Product 730,Home,394.51,38,3.4,2024-06-08 15:42:42.195176,This is a great product.,False
731,Product 731,Books,,84,1.1,2024-08-11 15:42:42.195182,This is a great product.,True
732,Product 732,Clothing,374.64,69,2.2,2023-12-11 15:42:42.195189,This is a great product.,True
733,Product 733,Home,340.26,93,3.6,2024-10-25 15:42:42.195196,This is a great product.,True
734,Product 734,Electronics,25.68,73,3.4,2024-01-29 15:42:42.195203,This is a great product.,True
735,Product 735,Home,108.98,94,4.6,2024-05-07 15:42:42.195209,This is a great product.,True
736,Product 736,Books,453.29,65,1.6,2024-07-28 15:42:42.195216,This is a great product.,True
737,Product 737,Toys,418.2,24,1.5,2023-11-22 15:42:42.195222,This is a great product.,True
738,Product 738,Toys,233.33,70,1.3,2023-11-22 15:42:42.195230,This is a great product.,True
739,Product 739,Home,53.61,92,3.3,2024-05-14 15:42:42.195236,This is a great product.,False
740,Product 740,Clothing,337.29,30,1.4,2023-12-18 15:42:42.195242,This is a great product.,True
741,Product 741,Clothing,162.3,57,2.3,2023-11-28 15:42:42.195252,This is a great product.,False
742,Product 742,Toys,80.44,72,2.5,2024-05-22 15:42:42.195258,This is a great product.,False
743,Product 743,Clothing,7.39,31,4.1,2023-11-01 15:42:42.195265,This is a great product.,False
744,Product 744,Home,420.85,17,3.7,2024-05-14 15:42:42.195272,This is a great product.,False
745,Product 745,Books,225.45,99,2.2,2024-01-22 15:42:42.195278,This is a great product.,True
746,Product 746,Clothing,324.55,10,4.4,2024-08-20 15:42:42.195285,This is a great product.,True
747,Product 747,Home,368.1,80,1.3,2024-09-22 15:42:42.195291,This is a great product.,True
748,Product 748,Toys,317.66,74,3.3,2024-01-02 15:42:42.195298,This is a great product.,True
749,Product 749,Electronics,278.04,69,4.6,2024-01-28 15:42:42.195304,This is a great product.,False
750,Product 750,Clothing,186.08,28,4.6,2024-01-03 15:42:42.195313,This is a great product.,False
751,Product 751,Clothing,235.03,65,1.4,2024-04-27 15:42:42.195320,This is a great product.,True
752,Product 752,Clothing,424.75,78,3.7,2024-02-10 15:42:42.195327,This is a great product.,True
753,Product 753,Books,83.82,72,4.8,2023-11-28 15:42:42.195333,This is a great product.,True
754,Product 754,Books,469.89,5,1.9,2024-02-24 15:42:42.195340,This is a great product.,True
755,Product 755,Electronics,135.86,29,1.2,2024-07-17 15:42:42.195346,This is a great product.,False
756,Product 756,Books,237.49,58,4.5,2024-10-10 15:42:42.195353,This is a great product.,False
757,Product 757,Electronics,353.35,66,3.5,2024-06-12 15:42:42.195360,This is a great product.,False
758,Product 758,Toys,274.45,22,2.5,2024-04-20 15:42:42.195366,This is a great product.,False
759,Product 759,Toys,328.4,9,3.1,2024-04-21 15:42:42.195373,This is a great product.,True
760,Product 760,Toys,205.89,44,2.9,2024-02-27 15:42:42.195380,This is a great product.,True
761,Product 761,Toys,441.61,56,1.7,2024-09-21 15:42:42.195386,This is a great product.,False
762,Product 762,Clothing,79.37,20,2.4,2024-08-31 15:42:42.195393,This is a great product.,True
763,Product 763,Books,406.53,92,1.5,2023-11-20 15:42:42.195399,This is a great product.,False
764,Product 764,Books,109.3,20,3.6,2024-04-03 15:42:42.195406,This is a great product.,True
765,Product 765,Clothing,26.36,73,3.4,2024-08-23 15:42:42.195412,This is a great product.,True
766,Product 766,Toys,77.7,21,2.0,2024-07-30 15:42:42.195419,This is a great product.,False
767,Product 767,Toys,484.78,81,1.1,2023-11-27 15:42:42.195425,This is a great product.,False
768,Product 768,Electronics,112.21,77,5.0,2024-02-27 15:42:42.195432,This is a great product.,True
769,Product 769,Clothing,416.03,76,1.6,2024-01-06 15:42:42.195439,This is a great product.,True
770,Product 770,Toys,331.53,33,1.7,2023-11-14 15:42:42.195445,This is a great product.,False
771,Product 771,Books,300.28,8,1.9,2024-04-16 15:42:42.195451,This is a great product.,True
772,Product 772,Electronics,13.2,66,4.4,2024-02-15 15:42:42.195458,This is a great product.,False
773,Product 773,Clothing,304.73,22,2.9,2023-12-21 15:42:42.195464,This is a great product.,True
774,Product 774,Toys,,15,1.4,2023-11-28 15:42:42.195471,This is a great product.,True
775,Product 775,Toys,271.95,0,4.6,2023-11-18 15:42:42.195478,This is a great product.,False
776,Product 776,Toys,213.24,5,3.8,2024-03-25 15:42:42.195484,This is a great product.,True
777,Product 777,Books,,48,2.4,2023-11-09 15:42:42.195491,This is a great product.,True
778,Product 778,Books,71.27,61,4.1,2024-09-18 15:42:42.195498,This is a great product.,False
779,Product 779,Toys,439.0,52,2.0,2024-10-28 15:42:42.195504,This is a great product.,True
780,Product 780,Toys,263.66,66,1.0,2023-11-30 15:42:42.195511,This is a great product.,True
781,Product 781,Home,207.38,13,1.6,2023-12-02 15:42:42.195518,This is a great product.,False
782,Product 782,Home,428.21,54,3.3,2023-12-22 15:42:42.195524,This is a great product.,False
783,Product 783,Books,,52,3.2,2024-01-19 15:42:42.195530,This is a great product.,False
784,Product 784,Clothing,188.26,71,2.9,2024-05-26 15:42:42.195537,This is a great product.,False
785,Product 785,Books,,84,1.5,2024-07-05 15:42:42.195545,This is a great product.,False
786,Product 786,Clothing,54.64,65,2.6,2024-05-10 15:42:42.195551,This is a great product.,True
787,Product 787,Clothing,197.61,81,1.0,2024-09-14 15:42:42.195558,This is a great product.,True
788,Product 788,Books,463.3,55,1.4,2024-06-18 15:42:42.195565,This is a great product.,True
789,Product 789,Home,44.62,4,3.9,2024-04-08 15:42:42.195571,This is a great product.,False
790,Product 790,Toys,33.44,99,4.3,2023-12-08 15:42:42.195578,This is a great product.,False
791,Product 791,Books,10.3,84,4.7,2024-02-08 15:42:42.195585,This is a great product.,False
792,Product 792,Clothing,21.64,76,3.0,2023-11-08 15:42:42.195591,This is a great product.,True
793,Product 793,Toys,88.89,4,2.4,2023-11-30 15:42:42.195598,This is a great product.,True
794,Product 794,Clothing,47.99,35,4.1,2024-05-03 15:42:42.195604,This is a great product.,False
795,Product 795,Books,295.11,66,1.1,2023-11-05 15:42:42.195611,This is a great product.,True
796,Product 796,Electronics,277.05,92,4.3,2024-01-06 15:42:42.195617,This is a great product.,False
797,Product 797,Home,481.83,35,1.9,2024-07-23 15:42:42.195624,This is a great product.,False
798,Product 798,Books,289.58,33,1.7,2024-02-14 15:42:42.195631,This is a great product.,True
799,Product 799,Toys,40.83,37,2.4,2024-09-01 15:42:42.195637,This is a great product.,False
800,Product 800,Toys,407.51,73,2.0,2024-03-18 15:42:42.195644,This is a great product.,False
801,Product 801,Toys,244.4,31,4.0,2024-03-10 15:42:42.195650,This is a great product.,False
802,Product 802,Toys,431.7,61,1.5,2024-09-26 15:42:42.195657,This is a great product.,False
803,Product 803,Clothing,340.07,29,4.2,2024-04-02 15:42:42.195664,This is a great product.,False
804,Product 804,Toys,270.15,89,4.3,2024-06-25 15:42:42.195670,This is a great product.,False
805,Product 805,Electronics,202.47,95,4.3,2024-09-22 15:42:42.195677,This is a great product.,True
806,Product 806,Books,160.37,27,4.6,2024-06-15 15:42:42.195683,This is a great product.,True
807,Product 807,Clothing,252.0,25,1.9,2024-06-29 15:42:42.195690,This is a great product.,False
808,Product 808,Clothing,,31,4.3,2024-05-01 15:42:42.195696,This is a great product.,True
809,Product 809,Electronics,64.34,10,3.7,2023-11-26 15:42:42.195703,This is a great product.,False
810,Product 810,Toys,8.28,69,4.8,2024-02-27 15:42:42.195709,This is a great product.,False
811,Product 811,Toys,161.13,73,4.5,2024-02-22 15:42:42.195716,This is a great product.,True
812,Product 812,Toys,143.73,28,4.0,2024-08-26 15:42:42.195723,This is a great product.,True
813,Product 813,Toys,400.64,61,4.8,2024-10-14 15:42:42.195729,This is a great product.,False
814,Product 814,Books,430.9,99,1.7,2024-08-30 15:42:42.195736,This is a great product.,False
815,Product 815,Home,346.16,1,3.7,2024-04-19 15:42:42.195742,This is a great product.,True
816,Product 816,Home,183.99,33,1.7,2024-06-18 15:42:42.195749,This is a great product.,True
817,Product 817,Home,238.32,78,2.4,2024-07-28 15:42:42.195755,This is a great product.,False
818,Product 818,Books,109.21,89,4.0,2024-04-27 15:42:42.195762,This is a great product.,False
819,Product 819,Home,228.11,73,1.5,2024-01-10 15:42:42.195768,This is a great product.,True
820,Product 820,Electronics,361.8,30,3.2,2024-04-18 15:42:42.195775,This is a great product.,True
821,Product 821,Clothing,401.02,94,1.6,2024-10-26 15:42:42.195782,This is a great product.,True
822,Product 822,Books,,80,3.1,2024-05-22 15:42:42.195788,This is a great product.,False
823,Product 823,Home,129.23,72,1.2,2024-09-10 15:42:42.195795,This is a great product.,True
824,Product 824,Electronics,111.66,32,2.9,2023-12-13 15:42:42.195802,This is a great product.,True
825,Product 825,Books,373.57,33,2.4,2024-01-18 15:42:42.195808,This is a great product.,False
826,Product 826,Home,14.82,15,2.4,2023-11-18 15:42:42.195815,This is a great product.,True
827,Product 827,Toys,290.07,83,3.2,2024-06-07 15:42:42.195821,This is a great product.,False
828,Product 828,Home,338.23,62,4.1,2024-03-16 15:42:42.195830,This is a great product.,True
829,Product 829,Books,,59,3.5,2024-08-17 15:42:42.195837,This is a great product.,True
830,Product 830,Home,213.8,78,3.3,2024-09-24 15:42:42.195844,This is a great product.,True
831,Product 831,Clothing,175.09,40,2.3,2024-06-03 15:42:42.195850,This is a great product.,False
832,Product 832,Toys,324.1,34,4.6,2024-04-28 15:42:42.195857,This is a great product.,False
833,Product 833,Books,,2,1.5,2024-07-02 15:42:42.195864,This is a great product.,False
834,Product 834,Electronics,109.23,50,1.4,2024-09-28 15:42:42.195871,This is a great product.,False
835,Product 835,Toys,31.64,98,2.6,2024-09-18 15:42:42.195878,This is a great product.,True
836,Product 836,Home,310.96,10,3.6,2024-04-14 15:42:42.195884,This is a great product.,False
837,Product 837,Clothing,127.46,36,2.8,2024-08-27 15:42:42.195891,This is a great product.,True
838,Product 838,Toys,,3,1.1,2024-05-01 15:42:42.195897,This is a great product.,False
839,Product 839,Books,236.26,69,4.7,2024-01-24 15:42:42.195903,This is a great product.,False
840,Product 840,Clothing,484.92,89,3.2,2024-01-02 15:42:42.195910,This is a great product.,False
841,Product 841,Toys,220.31,81,3.6,2024-05-25 15:42:42.195917,This is a great product.,False
842,Product 842,Books,272.14,11,2.8,2024-04-26 15:42:42.195924,This is a great product.,False
843,Product 843,Home,82.08,1,1.0,2024-08-22 15:42:42.195930,This is a great product.,False
844,Product 844,Home,237.25,1,3.8,2024-02-22 15:42:42.195937,This is a great product.,False
845,Product 845,Home,9.52,55,4.2,2023-12-30 15:42:42.195943,This is a great product.,True
846,Product 846,Electronics,276.37,24,2.6,2024-01-17 15:42:42.195950,This is a great product.,False
847,Product 847,Books,128.7,91,3.9,2024-04-14 15:42:42.195957,This is a great product.,False
848,Product 848,Clothing,135.18,54,3.5,2024-02-09 15:42:42.195963,This is a great product.,False
849,Product 849,Home,325.99,68,4.2,2024-04-02 15:42:42.195970,This is a great product.,True
850,Product 850,Electronics,95.29,37,1.4,2024-03-11 15:42:42.195976,This is a great product.,False
851,Product 851,Home,351.73,62,1.8,2024-10-21 15:42:42.195983,This is a great product.,True
852,Product 852,Electronics,485.01,2,1.7,2024-09-08 15:42:42.195989,This is a great product.,False
853,Product 853,Home,66.89,56,3.9,2024-07-03 15:42:42.195995,This is a great product.,True
854,Product 854,Clothing,12.29,27,2.4,2024-05-24 15:42:42.196002,This is a great product.,False
855,Product 855,Home,234.52,4,2.3,2024-08-17 15:42:42.196008,This is a great product.,True
856,Product 856,Home,388.95,9,3.2,2024-07-30 15:42:42.196015,This is a great product.,True
857,Product 857,Home,409.54,1,1.5,2023-10-31 15:42:42.196022,This is a great product.,True
858,Product 858,Books,386.76,56,2.0,2024-10-13 15:42:42.196028,This is a great product.,True
859,Product 859,Books,368.98,12,3.1,2024-07-16 15:42:42.196035,This is a great product.,False
860,Product 860,Books,342.31,39,4.7,2024-08-10 15:42:42.196041,This is a great product.,True
861,Product 861,Toys,262.86,32,2.9,2024-05-31 15:42:42.196048,This is a great product.,True
862,Product 862,Home,444.32,85,1.9,2024-09-03 15:42:42.196054,This is a great product.,True
863,Product 863,Books,165.63,21,4.2,2024-01-05 15:42:42.196061,This is a great product.,True
864,Product 864,Books,395.63,1,4.9,2024-01-07 15:42:42.196067,This is a great product.,False
865,Product 865,Toys,81.72,98,1.4,2024-08-11 15:42:42.196074,This is a great product.,False
866,Product 866,Electronics,344.54,43,4.7,2023-12-15 15:42:42.196080,This is a great product.,True
867,Product 867,Electronics,180.98,19,3.8,2024-09-06 15:42:42.196087,This is a great product.,True
868,Product 868,Books,120.17,71,4.2,2024-05-06 15:42:42.196095,This is a great product.,False
869,Product 869,Clothing,15.57,48,2.4,2024-08-23 15:42:42.196104,This is a great product.,False
870,Product 870,Electronics,245.22,56,3.2,2024-01-27 15:42:42.196111,This is a great product.,False
871,Product 871,Clothing,285.52,69,2.4,2024-03-05 15:42:42.196117,This is a great product.,False
872,Product 872,Toys,457.66,70,1.6,2024-02-02 15:42:42.196124,This is a great product.,True
873,Product 873,Books,151.36,33,3.2,2024-03-12 15:42:42.196130,This is a great product.,True
874,Product 874,Toys,192.63,23,4.5,2023-12-18 15:42:42.196137,This is a great product.,False
875,Product 875,Toys,123.2,92,1.3,2024-01-29 15:42:42.196143,This is a great product.,False
876,Product 876,Clothing,264.41,63,4.1,2024-08-13 15:42:42.196150,This is a great product.,False
877,Product 877,Home,207.85,41,1.4,2024-02-06 15:42:42.196156,This is a great product.,True
878,Product 878,Electronics,418.42,16,1.7,2024-10-14 15:42:42.196163,This is a great product.,True
879,Product 879,Electronics,245.26,12,1.1,2023-12-07 15:42:42.196169,This is a great product.,False
880,Product 880,Books,265.28,89,3.4,2024-10-05 15:42:42.196175,This is a great product.,False
881,Product 881,Clothing,304.95,9,1.1,2024-07-16 15:42:42.196182,This is a great product.,False
882,Product 882,Electronics,,81,1.2,2024-01-19 15:42:42.196188,This is a great product.,False
883,Product 883,Home,398.15,7,4.3,2024-06-16 15:42:42.196195,This is a great product.,True
884,Product 884,Electronics,418.06,9,4.8,2024-02-08 15:42:42.196201,This is a great product.,True
885,Product 885,Electronics,363.96,68,2.5,2024-07-24 15:42:42.196208,This is a great product.,True
886,Product 886,Toys,314.54,22,3.2,2024-01-19 15:42:42.196214,This is a great product.,False
887,Product 887,Electronics,384.31,73,2.4,2024-03-10 15:42:42.196221,This is a great product.,False
888,Product 888,Electronics,87.57,23,3.2,2024-02-15 15:42:42.196227,This is a great product.,False
889,Product 889,Clothing,269.28,76,2.8,2024-05-03 15:42:42.196234,This is a great product.,False
890,Product 890,Toys,495.77,41,4.4,2024-04-02 15:42:42.196240,This is a great product.,False
891,Product 891,Home,306.16,72,3.2,2024-04-21 15:42:42.196247,This is a great product.,False
892,Product 892,Home,481.02,57,4.8,2024-10-30 15:42:42.196253,This is a great product.,True
893,Product 893,Home,299.9,66,1.5,2024-05-29 15:42:42.196260,This is a great product.,True
894,Product 894,Home,492.28,27,4.4,2024-10-19 15:42:42.196266,This is a great product.,False
895,Product 895,Toys,258.08,73,4.7,2024-08-12 15:42:42.196273,This is a great product.,True
896,Product 896,Electronics,232.88,19,1.6,2024-04-26 15:42:42.196279,This is a great product.,True
897,Product 897,Clothing,131.84,38,1.4,2024-04-09 15:42:42.196286,This is a great product.,True
898,Product 898,Electronics,363.17,61,1.7,2023-11-12 15:42:42.196292,This is a great product.,True
899,Product 899,Toys,322.92,4,3.9,2024-01-09 15:42:42.196299,This is a great product.,False
900,Product 900,Electronics,391.16,98,2.3,2024-03-22 15:42:42.196306,This is a great product.,False
901,Product 901,Electronics,435.54,29,4.0,2023-12-27 15:42:42.196313,This is a great product.,True
902,Product 902,Books,31.79,67,1.2,2024-01-28 15:42:42.196320,This is a great product.,True
903,Product 903,Home,253.69,28,1.6,2023-11-21 15:42:42.196326,This is a great product.,False
904,Product 904,Books,,73,3.0,2024-07-09 15:42:42.196333,This is a great product.,False
905,Product 905,Home,394.25,18,1.5,2024-09-18 15:42:42.196339,This is a great product.,False
906,Product 906,Toys,373.93,70,2.6,2024-09-17 15:42:42.196348,This is a great product.,False
907,Product 907,Toys,220.07,89,1.5,2024-08-22 15:42:42.196355,This is a great product.,False
908,Product 908,Toys,103.06,50,3.6,2024-07-22 15:42:42.196361,This is a great product.,True
909,Product 909,Clothing,40.46,99,2.7,2023-11-15 15:42:42.196368,This is a great product.,True
910,Product 910,Electronics,337.52,54,2.5,2024-07-25 15:42:42.196375,This is a great product.,False
911,Product 911,Home,298.97,3,4.1,2024-08-05 15:42:42.196381,This is a great product.,False
912,Product 912,Toys,411.68,56,3.5,2024-03-19 15:42:42.196388,This is a great product.,True
913,Product 913,Clothing,103.84,47,1.6,2024-09-17 15:42:42.196394,This is a great product.,True
914,Product 914,Electronics,125.31,79,4.7,2024-06-05 15:42:42.196401,This is a great product.,True
915,Product 915,Home,348.43,14,2.2,2024-03-03 15:42:42.196408,This is a great product.,True
916,Product 916,Home,108.46,68,1.8,2024-01-25 15:42:42.196414,This is a great product.,False
917,Product 917,Toys,244.1,93,5.0,2023-11-10 15:42:42.196421,This is a great product.,True
918,Product 918,Books,,84,3.1,2024-06-22 15:42:42.196427,This is a great product.,True
919,Product 919,Electronics,145.59,89,3.5,2024-10-03 15:42:42.196434,This is a great product.,False
920,Product 920,Electronics,37.97,84,2.1,2023-11-28 15:42:42.196440,This is a great product.,False
921,Product 921,Electronics,14.44,83,2.5,2024-04-19 15:42:42.196447,This is a great product.,True
922,Product 922,Home,244.91,76,3.1,2024-07-27 15:42:42.196454,This is a great product.,True
923,Product 923,Toys,483.56,71,4.7,2024-10-19 15:42:42.196461,This is a great product.,True
924,Product 924,Clothing,461.52,39,2.3,2024-04-12 15:42:42.196467,This is a great product.,True
925,Product 925,Electronics,176.66,45,2.4,2024-05-29 15:42:42.196473,This is a great product.,True
926,Product 926,Toys,141.56,7,3.5,2024-04-15 15:42:42.196480,This is a great product.,True
927,Product 927,Toys,474.81,28,1.6,2024-04-12 15:42:42.196487,This is a great product.,True
928,Product 928,Electronics,366.3,66,4.8,2023-12-22 15:42:42.196493,This is a great product.,True
929,Product 929,Books,123.98,19,2.7,2024-05-24 15:42:42.196500,This is a great product.,False
930,Product 930,Books,273.41,26,3.6,2024-01-07 15:42:42.196506,This is a great product.,True
931,Product 931,Clothing,157.95,90,4.6,2024-08-22 15:42:42.196513,This is a great product.,False
932,Product 932,Clothing,329.83,72,4.7,2024-05-21 15:42:42.196520,This is a great product.,True
933,Product 933,Toys,268.82,92,1.5,2024-05-21 15:42:42.196526,This is a great product.,True
934,Product 934,Electronics,383.89,52,4.8,2024-05-28 15:42:42.196533,This is a great product.,False
935,Product 935,Home,,24,1.4,2024-07-28 15:42:42.196539,This is a great product.,True
936,Product 936,Toys,310.39,77,3.3,2024-07-04 15:42:42.196546,This is a great product.,True
937,Product 937,Clothing,345.25,45,1.3,2024-02-29 15:42:42.196553,This is a great product.,True
938,Product 938,Toys,423.84,60,3.8,2024-04-22 15:42:42.196559,This is a great product.,True
939,Product 939,Books,248.27,17,1.7,2024-07-07 15:42:42.196565,This is a great product.,True
940,Product 940,Books,,1,4.7,2024-04-02 15:42:42.196572,This is a great product.,True
941,Product 941,Clothing,380.1,8,1.7,2024-03-20 15:42:42.196578,This is a great product.,False
942,Product 942,Home,,31,2.7,2024-10-09 15:42:42.196585,This is a great product.,False
943,Product 943,Home,200.1,95,3.3,2024-01-30 15:42:42.196592,This is a great product.,True
944,Product 944,Toys,59.11,58,4.3,2024-10-09 15:42:42.196599,This is a great product.,True
945,Product 945,Toys,,94,1.2,2024-04-15 15:42:42.196606,This is a great product.,True
946,Product 946,Clothing,149.13,50,4.5,2024-06-06 15:42:42.196613,This is a great product.,False
947,Product 947,Clothing,214.12,78,4.7,2023-11-12 15:42:42.196620,This is a great product.,True
948,Product 948,Books,415.8,57,1.4,2024-02-17 15:42:42.196627,This is a great product.,True
949,Product 949,Clothing,390.47,89,3.2,2024-04-12 15:42:42.196633,This is a great product.,False
950,Product 950,Home,228.19,22,2.8,2023-11-01 15:42:42.196640,This is a great product.,True
951,Product 951,Books,49.64,41,3.8,2023-11-01 15:42:42.196647,This is a great product.,True
952,Product 952,Electronics,50.14,90,2.8,2024-04-28 15:42:42.196655,This is a great product.,True
953,Product 953,Toys,355.1,93,4.2,2024-02-12 15:42:42.196662,This is a great product.,True
954,Product 954,Books,277.42,5,4.1,2024-05-12 15:42:42.196669,This is a great product.,True
955,Product 955,Clothing,435.07,22,4.1,2024-10-04 15:42:42.196676,This is a great product.,False
956,Product 956,Home,158.21,98,4.8,2024-06-05 15:42:42.196683,This is a great product.,True
957,Product 957,Electronics,449.78,25,1.0,2024-06-23 15:42:42.196690,This is a great product.,True
958,Product 958,Books,251.33,63,3.2,2024-10-28 15:42:42.196697,This is a great product.,False
959,Product 959,Clothing,112.35,84,2.9,2024-04-04 15:42:42.196704,This is a great product.,False
960,Product 960,Electronics,302.6,0,2.0,2024-01-24 15:42:42.196711,This is a great product.,False
961,Product 961,Toys,316.17,26,1.2,2024-08-16 15:42:42.196718,This is a great product.,True
962,Product 962,Home,23.18,4,3.7,2023-12-27 15:42:42.196725,This is a great product.,False
963,Product 963,Home,460.59,6,1.4,2024-07-31 15:42:42.196732,This is a great product.,True
964,Product 964,Home,307.49,88,3.8,2024-01-11 15:42:42.196739,This is a great product.,True
965,Product 965,Books,375.92,46,4.7,2024-09-13 15:42:42.196746,This is a great product.,False
966,Product 966,Home,187.44,48,4.3,2024-03-26 15:42:42.196753,This is a great product.,True
967,Product 967,Home,238.05,15,3.8,2024-06-12 15:42:42.196760,This is a great product.,False
968,Product 968,Toys,209.81,26,3.8,2023-12-22 15:42:42.196767,This is a great product.,True
969,Product 969,Electronics,287.83,80,3.1,2024-09-16 15:42:42.196774,This is a great product.,False
970,Product 970,Toys,467.28,90,2.1,2023-12-24 15:42:42.196782,This is a great product.,False
971,Product 971,Home,,79,2.4,2024-08-25 15:42:42.196789,This is a great product.,False
972,Product 972,Toys,365.95,63,3.0,2024-07-30 15:42:42.196795,This is a great product.,True
973,Product 973,Home,489.73,0,1.5,2024-03-06 15:42:42.196802,This is a great product.,True
974,Product 974,Clothing,400.78,53,2.7,2024-05-13 15:42:42.196810,This is a great product.,False
975,Product 975,Toys,403.99,27,1.0,2024-07-19 15:42:42.196817,This is a great product.,False
976,Product 976,Home,396.15,39,2.2,2024-01-23 15:42:42.196823,This is a great product.,False
977,Product 977,Electronics,61.35,42,2.4,2024-01-13 15:42:42.196830,This is a great product.,True
978,Product 978,Clothing,101.04,43,4.7,2024-02-28 15:42:42.196838,This is a great product.,False
979,Product 979,Electronics,324.6,61,1.6,2024-03-09 15:42:42.196845,This is a great product.,False
980,Product 980,Books,393.07,52,4.7,2024-10-02 15:42:42.196852,This is a great product.,False
981,Product 981,Toys,363.86,40,3.2,2024-10-21 15:42:42.196859,This is a great product.,True
982,Product 982,Toys,344.32,45,1.3,2024-08-15 15:42:42.196866,This is a great product.,False
983,Product 983,Electronics,172.88,48,3.5,2024-08-07 15:42:42.196873,This is a great product.,False
984,Product 984,Clothing,299.62,100,4.0,2023-11-04 15:42:42.196883,This is a great product.,False
985,Product 985,Electronics,139.39,11,3.0,2024-07-01 15:42:42.196890,This is a great product.,False
986,Product 986,Books,415.58,38,1.9,2024-05-29 15:42:42.196897,This is a great product.,True
987,Product 987,Electronics,190.24,4,4.1,2024-09-13 15:42:42.196903,This is a great product.,False
988,Product 988,Toys,17.34,61,4.6,2024-08-13 15:42:42.196910,This is a great product.,True
989,Product 989,Home,462.2,93,4.5,2024-05-25 15:42:42.196917,This is a great product.,False
990,Product 990,Clothing,385.89,12,4.3,2024-02-09 15:42:42.196924,This is a great product.,True
991,Product 991,Clothing,363.66,58,2.6,2024-02-06 15:42:42.196932,This is a great product.,True
992,Product 992,Electronics,158.94,5,3.7,2023-12-31 15:42:42.196938,This is a great product.,True
993,Product 993,Home,236.1,5,1.4,2023-11-28 15:42:42.196945,This is a great product.,False
994,Product 994,Electronics,290.89,39,3.6,2024-07-15 15:42:42.196953,This is a great product.,False
995,Product 995,Clothing,100.31,35,3.1,2024-03-19 15:42:42.196959,This is a great product.,True
996,Product 996,Home,78.91,35,1.5,2023-12-17 15:42:42.196969,This is a great product.,True
997,Product 997,Clothing,273.55,70,2.3,2024-08-19 15:42:42.196976,This is a great product.,False
998,Product 998,Toys,,9,2.2,2024-05-10 15:42:42.196983,This is a great product.,False
999,Product 999,Electronics,69.39,60,4.6,2024-10-05 15:42:42.196990,This is a great product.,True
1000,Product 1000,Books,31.63,54,2.6,2023-11-05 15:42:42.196997,This is a great product.,False
